Address,Baths Full,Baths Half,Beds Total,Sq Ft Total,Postal City,County,DOM,Expiration Date,# of Fireplaces,Garage Spaces,HOA Amenities,HOA Exist YN,HOA Fee,HOA Fee Covers,HOA Name Text,HOA Phone,List Price,Listing Date,Acres,Lot Size,Sale Date,Room Count,MLS Number,Original List Date,Original List Price,Parcel Number,Property Type,Longitude,Latitude,Close Date,Sale Price,State,Status,Status Change Timestamp,View,Year Built,Zip Code,Unit Number,Buyer's Financing
1 Steuart Lane,3,0,3,2974,San Francisco,San Francisco,4,12/31/2026 12:00:00 AM,0,0,"Gym/ Exercise Facility, Other, Barbecue Area, Recreation Room, Sauna, Sauna/ Spa/ Hot Tub",TRUE,3750,"Maintenance - Exterior, Gas, Landscaping/Gardening, Management Fee, Roof, Sewer, , Water, Recreation Facility, Insurance - Structure, Common Area Gas, Maintenance - Common Area",,,9100000,06/08/2026 12:00:00 AM,,0,06/12/2026 12:00:00 AM,0,SF426137707,06/08/2026 12:00:00 AM,9100000,3741-098,Residential,-122.391446,37.791659,07/01/2026 12:00:00 AM,9100000,California,Sold,07/01/2026 12:00:00 AM,"Bay, Bay Bridge, Water",0,94105,801,All Cash No Loans
1 Steuart Lane,3,0,3,2559,San Francisco,San Francisco,19,12/31/2026 12:00:00 AM,0,0,"Gym/ Exercise Facility, Recreation Room, Sauna, Sauna/ Spa/ Hot Tub",TRUE,3904,,One Steuart Lane,,7200000,05/22/2026 12:00:00 AM,0.469,20415,06/10/2026 12:00:00 AM,0,SF426132511,05/22/2026 12:00:00 AM,7200000,3741-109,Residential,-122.391446,37.791659,07/10/2026 12:00:00 AM,7100000,California,Sold,07/10/2026 12:00:00 AM,"Bay, Bay Bridge, Panoramic, San Francisco, Water, City Lights",2021,94105,906,Not Reported
338 Main Street,3,0,3,2690,San Francisco,San Francisco,0,12/31/2026 12:00:00 AM,0,0,,TRUE,1764,,,,6995000,07/13/2026 12:00:00 AM,1.731,75406,07/13/2026 12:00:00 AM,0,SF426146354,07/13/2026 12:00:00 AM,6995000,3746-333,Residential,-122.391499,37.788675,07/15/2026 12:00:00 AM,7000000,California,Sold,07/15/2026 12:00:00 AM,,2016,94105,26B,All Cash No Loans
1332 Greenwich Street,3,1,3,2542,San Francisco,San Francisco,20,12/31/2026 12:00:00 AM,0,0,,TRUE,,,,,5250000,05/28/2026 12:00:00 AM,0.08,3474,06/17/2026 12:00:00 AM,0,SF426127964,05/28/2026 12:00:00 AM,5250000,0501-075,Residential,-122.421733,37.801038,07/01/2026 12:00:00 AM,6500000,California,Sold,07/01/2026 12:00:00 AM,,1895,94109,,All Cash No Loans
3193 Pacific Avenue,2,1,3,2140,San Francisco,San Francisco,4,11/26/2026 12:00:00 AM,1,1,,TRUE,1200,,,,3750000,06/25/2026 12:00:00 AM,0.056,2458,06/29/2026 12:00:00 AM,0,SF426141057,06/25/2026 12:00:00 AM,3750000,0974-023,Residential,-122.447326,37.791614,07/02/2026 12:00:00 AM,4875000,California,Sold,07/02/2026 12:00:00 AM,"Park, San Francisco, Forest/Woods, City Lights, Garden/Greenbelt",1911,94115,,All Cash No Loans
2637 Buchanan Street,3,1,5,4005,San Francisco,San Francisco,12,10/31/2026 12:00:00 AM,2,0,,TRUE,,", Water, Insurance",,,4995000,05/31/2026 12:00:00 AM,0.085,3694,06/12/2026 12:00:00 AM,0,SF426119204,05/31/2026 12:00:00 AM,4995000,0580-105,Residential,-122.431846,37.794219,07/31/2026 12:00:00 AM,4850000,California,Sold,07/31/2026 12:00:00 AM,,1905,94115,,All Cash No Loans
3442 Clay Street,2,1,3,2380,San Francisco,San Francisco,11,09/20/2026 12:00:00 AM,1,2,,TRUE,2482,"Maintenance - Exterior, Landscaping/Gardening, , Water, Insurance, Common Area Gas, Maintenance - Common Area",3440-3442 HOA,,3995000,06/08/2026 12:00:00 AM,0.082,3591,06/19/2026 12:00:00 AM,0,SF426135658,06/08/2026 12:00:00 AM,3995000,0996-051,Residential,-122.44966,37.788991,07/10/2026 12:00:00 AM,4250000,California,Sold,07/10/2026 12:00:00 AM,Bridge(s),1907,94118,,Conventional Loan
4135 California Street,4,0,4,2900,San Francisco,San Francisco,96,07/31/2026 12:00:00 AM,1,1,Security Gate(s),TRUE,1031,"Management Fee, , Insurance, Common Area Gas, Maintenance - Common Area",,,4495000,03/27/2026 12:00:00 AM,0.123,5370,07/01/2026 12:00:00 AM,0,SF426113949,03/27/2026 12:00:00 AM,4495000,1363-065,Residential,-122.462087,37.785122,07/17/2026 12:00:00 AM,4100000,California,Sold,07/17/2026 12:00:00 AM,"City, Ocean, San Francisco, Twin Peaks, City Lights",2026,94118,7,Not Reported
999 Green Street,2,0,2,1795,San Francisco,San Francisco,108,12/31/2026 12:00:00 AM,0,2,,TRUE,4043,"Maintenance - Exterior, Heating, Management Fee, Roof, Sewer, , Water, Insurance, Insurance - Structure, Common Area Gas, Maintenance - Common Area, Door Person",The 999 Summit Owners' Association,,4550000,03/15/2026 12:00:00 AM,0.328,14264,07/01/2026 12:00:00 AM,0,SF426111014,03/15/2026 12:00:00 AM,5300000,0127-113,Residential,-122.415262,37.798475,07/14/2026 12:00:00 AM,4100000,California,Sold,07/14/2026 12:00:00 AM,"Bay, Golden Gate Bridge, Bridge(s), City, Mountains, Bay Bridge, Panoramic, San Francisco, City Lights, Downtown",1964,94133,2605,Not Reported
815 Lyon Street,2,2,3,2305,San Francisco,San Francisco,10,10/30/2026 12:00:00 AM,0,1,Security Gate(s),TRUE,200,"Security Service, , Water, Common Area Gas, Maintenance - Common Area",815 Lyon HOA,(202) 255-3072,2995000,06/15/2026 12:00:00 AM,0.065,2812,06/25/2026 12:00:00 AM,0,SF426132234,06/15/2026 12:00:00 AM,2995000,1150-052,Residential,-122.443903,37.778651,07/10/2026 12:00:00 AM,3675000,California,Sold,07/10/2026 12:00:00 AM,"Other, Park, San Francisco, City Lights, Downtown",2020,94115,B,All Cash No Loans
3008 Clay Street,2,1,3,2300,San Francisco,San Francisco,0,12/08/2026 12:00:00 AM,0,0,,TRUE,700,,,,3350000,07/02/2026 12:00:00 AM,0.06,2625,07/02/2026 12:00:00 AM,0,SF426149849,07/02/2026 12:00:00 AM,3350000,1000-047,Residential,-122.442961,37.789838,07/22/2026 12:00:00 AM,3350000,California,Sold,07/22/2026 12:00:00 AM,,1908,94115,,Conventional Loan
2632 Laguna Street,2,1,3,2225,San Francisco,San Francisco,27,07/31/2026 12:00:00 AM,1,1,Security Gate(s),TRUE,800,"Gas, Landscaping/Gardening, Insurance, Common Area Gas, Maintenance - Common Area",,,2895000,06/12/2026 12:00:00 AM,0.056,2449,07/09/2026 12:00:00 AM,0,SF426138953,06/12/2026 12:00:00 AM,2895000,0567-120,Residential,-122.429869,37.795761,07/30/2026 12:00:00 AM,3139375,California,Sold,07/30/2026 12:00:00 AM,"Bay, City",1900,94123,,Conventional Loan
1623 Hyde Street,2,1,3,1741,San Francisco,San Francisco,55,07/27/2026 12:00:00 AM,1,0,,TRUE,600,"Insurance - Homeowners , Sewer,",,,2998000,05/22/2026 12:00:00 AM,0.079,3438,07/16/2026 12:00:00 AM,0,SF426125520,05/22/2026 12:00:00 AM,2998000,0154-046,Residential,-122.418525,37.795803,07/23/2026 12:00:00 AM,2998000,California,Sold,07/23/2026 12:00:00 AM,Golden Gate Bridge,1912,94109,,Conventional Loan
1 Steuart Lane,2,0,2,1828,San Francisco,San Francisco,13,05/29/2027 12:00:00 AM,0,0,"Gym/ Exercise Facility, Other, Barbecue Area, Recreation Room, Sauna, Sauna/ Spa/ Hot Tub",TRUE,3233,"Maintenance - Exterior, Landscaping/Gardening, Other, Roof, Sewer, , Water, Insurance - Structure, Common Area Gas, Maintenance - Common Area, Door Person",One Steuart Lane,,2995000,05/29/2026 12:00:00 AM,,0,06/11/2026 12:00:00 AM,0,SF426135225,05/29/2026 12:00:00 AM,2995000,3741-112,Residential,-122.391446,37.791659,07/10/2026 12:00:00 AM,2995000,California,Sold,07/10/2026 12:00:00 AM,"Bay, Bay Bridge, Water",0,94105,1003,All Cash No Loans
1515 Union Street,2,0,2,1247,San Francisco,San Francisco,12,08/31/2026 12:00:00 AM,,1,,TRUE,1962,"Decks, Garbage, Insurance - Common Area, Insurance - Structure, Landscaping/Gardening, Maintenance - Common Area, Recreation Facility, Sewer",Action Property Management,,2998888,06/03/2026 12:00:00 AM,,,06/15/2026 12:00:00 AM,0,ML82048287,06/03/2026 12:00:00 AM,2998888,0546-095,Residential,-122.42431,37.798224,07/07/2026 12:00:00 AM,2900000,California,Sold,07/07/2026 12:00:00 AM,,2020,94123,5C,All Cash No Loans
566 6th Avenue,3,0,4,2498,San Francisco,San Francisco,9,08/31/2026 12:00:00 AM,0,1,,TRUE,270,,,,2495000,05/27/2026 12:00:00 AM,0.069,3000,06/05/2026 12:00:00 AM,0,SF426124481,05/27/2026 12:00:00 AM,2495000,1548-034,Residential,-122.463847,37.77789,07/24/2026 12:00:00 AM,2775000,California,Sold,07/24/2026 12:00:00 AM,"San Francisco, Garden/Greenbelt",1904,94118,,Conventional Loan
14 Guy Place,3,0,3,2273,San Francisco,San Francisco,10,10/31/2026 12:00:00 AM,2,1,,TRUE,665,"Water, Insurance",,,2499000,06/08/2026 12:00:00 AM,0.04,1757,06/18/2026 12:00:00 AM,0,SF426135770,06/08/2026 12:00:00 AM,2499000,3749-183,Residential,-122.394562,37.786561,07/20/2026 12:00:00 AM,2770000,California,Sold,07/20/2026 12:00:00 AM,"City, San Francisco, Downtown",2000,94105,B,Not Reported
1502 Golden Gate Avenue,2,1,4,2466,San Francisco,San Francisco,47,07/31/2026 12:00:00 AM,,1,,TRUE,650,"Common Area Electricity, Garbage, Insurance, Maintenance - Unit Yard, Water/Sewer",1502-1504-1506 Golden Gate Avenue HOA,,2695000,04/29/2026 12:00:00 AM,0.084,3661,06/15/2026 12:00:00 AM,0,ML82043823,04/29/2026 12:00:00 AM,2850000,0753-032,Residential,-122.435578,37.779346,07/10/2026 12:00:00 AM,2695000,California,Sold,07/10/2026 12:00:00 AM,City Lights,1900,94115,,Conventional Loan
1242 Sacramento Street,2,0,2,1609,San Francisco,San Francisco,6,12/31/2026 12:00:00 AM,1,0,,TRUE,787,,,,2500000,06/24/2026 12:00:00 AM,0.076,3300,06/30/2026 12:00:00 AM,0,SF426136904,06/24/2026 12:00:00 AM,2500000,0221-119,Residential,-122.413394,37.792652,07/08/2026 12:00:00 AM,2650000,California,Sold,07/08/2026 12:00:00 AM,,1900,94108,1,All Cash No Loans
875 California Street,2,1,2,1554,San Francisco,San Francisco,0,11/30/2026 12:00:00 AM,0,1,"Garden/ Greenbelt/ Trails, Gym/ Exercise Facility, Barbecue Area, Recreation Room, Roof Deck",TRUE,2138,"Electricity, Maintenance - Exterior, Gas, Insurance - Homeowners , Landscaping/Gardening, Management Fee, Other, Security Service, , Water, Insurance, Common Area Gas, Maintenance - Common Area, Door Person",Crescent Owners Association,,2730000,07/14/2026 12:00:00 AM,0.217,9448,07/14/2026 12:00:00 AM,0,SF426137795,07/14/2026 12:00:00 AM,2730000,0256-125,Residential,-122.408721,37.791805,07/15/2026 12:00:00 AM,2615000,California,Sold,07/15/2026 12:00:00 AM,"City, San Francisco, City Lights, Downtown",2021,94108,705,All Cash No Loans
1330 Greenwich Street,2,0,2,1905,San Francisco,San Francisco,20,12/31/2026 12:00:00 AM,0,0,,TRUE,,,,,2495000,05/28/2026 12:00:00 AM,0.08,3491,06/17/2026 12:00:00 AM,0,SF426127961,05/28/2026 12:00:00 AM,2495000,0501-074,Residential,-122.42172,37.800944,07/01/2026 12:00:00 AM,2600024,California,Sold,07/01/2026 12:00:00 AM,,1895,94109,,All Cash No Loans
25 Sierra Street,2,1,4,2050,San Francisco,San Francisco,12,11/30/2026 12:00:00 AM,1,2,"Barbecue Area, Security Gate(s)",TRUE,1156,"Maintenance - Exterior, Landscaping/Gardening, Management Fee, , Water, Insurance, Common Area Gas, Maintenance - Common Area",Sierra Texas Homeowners Association,,1980000,06/19/2026 12:00:00 AM,1.119,48750,07/01/2026 12:00:00 AM,0,SF426140897,06/19/2026 12:00:00 AM,1980000,4101-107,Residential,-122.395503,37.758213,07/17/2026 12:00:00 AM,2561000,California,Sold,07/17/2026 12:00:00 AM,"Bay, City Lights",2006,94107,W306,All Cash No Loans
2169 Folsom Street,2,1,2,1585,San Francisco,San Francisco,7,12/13/2026 12:00:00 AM,0,0,"Garden/ Greenbelt/ Trails, Security Gate(s)",TRUE,834,"Maintenance - Exterior, Management Fee, , Water, Insurance - Structure",Box Factory Community Association,,1999000,06/18/2026 12:00:00 AM,0.679,29584,06/26/2026 12:00:00 AM,0,SF426122571,06/18/2026 12:00:00 AM,1999000,3573-100,Residential,-122.414606,37.762784,07/06/2026 12:00:00 AM,2500000,California,Sold,07/06/2026 12:00:00 AM,"Hills, City, Mountains, Bay Bridge, Other, Panoramic, San Francisco, Twin Peaks, City Lights, Downtown",2001,94110,M301,All Cash No Loans
488 Folsom Street,2,1,2,1549,San Francisco,San Francisco,3,10/31/2026 12:00:00 AM,0,0,"Club House, Gym/ Exercise Facility, Barbecue Area, Recreation Room, Roof Deck",TRUE,2389,"Maintenance - Exterior, Gas, Landscaping/Gardening, Management Fee, , Water, Door Person, Insurance - Earthquake",The Avery Condominium Owners Association,,2500000,05/26/2026 12:00:00 AM,,0,05/29/2026 12:00:00 AM,0,SF426133956,05/26/2026 12:00:00 AM,2500000,3737-124,Residential,-122.39456,37.787745,07/02/2026 12:00:00 AM,2500000,California,Sold,07/02/2026 12:00:00 AM,"Bay, Panoramic, San Francisco, Twin Peaks, City Lights, Downtown",2019,94105,4404,All Cash No Loans
301 Mission Street,3,0,3,2230,San Francisco,San Francisco,147,09/28/2026 12:00:00 AM,0,0,Gym/ Exercise Facility,TRUE,4251,"Maintenance - Exterior, Landscaping/Gardening, Management Fee, Pools, Spa, or Tennis, Security Service, Sewer, Water, Recreation Facility, Insurance, Insurance - Structure, Common Area Gas, Maintenance - Common Area, Door Person",,,2695000,02/23/2026 12:00:00 AM,1.163,50667,07/20/2026 12:00:00 AM,0,SF426101001,02/23/2026 12:00:00 AM,2995000,3719-359,Residential,-122.395932,37.790488,07/31/2026 12:00:00 AM,2500000,California,Sold,07/31/2026 12:00:00 AM,City,2009,94105,52D,All Cash No Loans
568 6th Avenue,3,0,3,0,San Francisco,San Francisco,0,09/07/2026 12:00:00 AM,0,1,,TRUE,187,", Insurance - Structure",566-568 6th Avenue,,2298000,06/26/2026 12:00:00 AM,0.069,3000,06/26/2026 12:00:00 AM,0,SF426139761,06/26/2026 12:00:00 AM,2298000,1548-034,Residential,-122.463845,37.777857,07/27/2026 12:00:00 AM,2455000,California,Sold,07/27/2026 12:00:00 AM,,1904,94118,,Conventional Loan
2746 Gough Street,2,0,2,1342,San Francisco,San Francisco,0,12/31/2026 12:00:00 AM,1,1,,TRUE,387,", Water, Insurance",2746 Gough St HOA,(201) 245-7759,1750000,07/13/2026 12:00:00 AM,0.061,2676,07/13/2026 12:00:00 AM,0,SF426141331,07/13/2026 12:00:00 AM,1750000,0528-034,Residential,-122.427181,37.798749,07/13/2026 12:00:00 AM,2410000,California,Sold,07/13/2026 12:00:00 AM,,1986,94123,2,All Cash No Loans
68 Belcher Street,3,0,3,1884,San Francisco,San Francisco,16,12/31/2026 12:00:00 AM,0,0,,TRUE,368,,,,2200000,06/30/2026 12:00:00 AM,0.072,3136,06/30/2026 12:00:00 AM,0,SF426147276,06/30/2026 12:00:00 AM,2200000,3537-120,Residential,-122.430421,37.768189,07/14/2026 12:00:00 AM,2400000,California,Sold,07/14/2026 12:00:00 AM,,2007,94114,2,Not Reported
555 4th Street,3,0,3,2585,San Francisco,San Francisco,20,08/31/2026 12:00:00 AM,0,0,Security Gate(s),TRUE,1193,"Landscaping/Gardening, Management Fee, Organized Activities, Roof, Security Service, Sewer, , Water, Recreation Facility, Common Area Gas, Maintenance - Common Area, Door Person",The Palms Owners Association,(415) 777-6600,1995000,05/26/2026 12:00:00 AM,1.452,63237,06/15/2026 12:00:00 AM,0,SF426133470,05/26/2026 12:00:00 AM,0,3776-159,Residential,-122.396728,37.779448,07/15/2026 12:00:00 AM,2375000,California,Sold,07/15/2026 12:00:00 AM,"City, City Lights, Garden/Greenbelt",2006,94107,107,Conventional Loan
320 Texas Street,2,0,3,1570,San Francisco,San Francisco,6,10/19/2026 12:00:00 AM,0,0,,TRUE,418,"Sewer, Water, Insurance - Structure",,,1875000,06/26/2026 12:00:00 AM,0.057,2487,07/02/2026 12:00:00 AM,0,SF426142485,06/26/2026 12:00:00 AM,1875000,4037-047,Residential,-122.39581,37.762293,07/13/2026 12:00:00 AM,2355000,California,Sold,07/13/2026 12:00:00 AM,"Bridge(s), City Lights",1912,94107,,Conventional Loan
2177 3rd Street,2,0,2,1420,San Francisco,San Francisco,8,07/31/2026 12:00:00 AM,0,0,,TRUE,1668,"Landscaping/Gardening, Management Fee, Sewer, , Water, Common Area Gas, Maintenance - Common Area",2177 3rd HOA,,2300000,07/01/2026 12:00:00 AM,0.679,29581,07/01/2026 12:00:00 AM,0,SF426144959,07/01/2026 12:00:00 AM,2300000,4045-245,Residential,-122.388416,37.762299,07/06/2026 12:00:00 AM,2300000,California,Sold,07/06/2026 12:00:00 AM,,2020,94107,621,All Cash No Loans
618 Sanchez Street,2,1,2,1320,San Francisco,San Francisco,26,12/31/2026 12:00:00 AM,0,0,,FALSE,,,,,2399000,06/05/2026 12:00:00 AM,0.055,2372,07/01/2026 12:00:00 AM,0,SF426129713,06/05/2026 12:00:00 AM,2399000,3601-104,Residential,-122.430602,37.759066,07/17/2026 12:00:00 AM,2300000,California,Sold,07/17/2026 12:00:00 AM,,1990,94114,,All Cash No Loans
201 Folsom Street,2,0,2,1366,San Francisco,San Francisco,0,12/31/2026 12:00:00 AM,0,0,"Club House, Garden/ Greenbelt/ Trails, Gym/ Exercise Facility, Barbecue Area, Pool, Recreation Room, Roof Deck, Sauna, Sauna/ Spa/ Hot Tub",TRUE,1468,"Maintenance - Exterior, Landscaping/Gardening, Management Fee, Organized Activities, Pools, Spa, or Tennis, Roof, Security Service, Sewer, , Water, Recreation Facility, Common Area Gas, Maintenance - Common Area",LUMINA HOA,,2225000,07/06/2026 12:00:00 AM,1.731,75406,07/06/2026 12:00:00 AM,0,SF426134316,07/06/2026 12:00:00 AM,2225000,3746-589,Residential,-122.392037,37.788706,07/10/2026 12:00:00 AM,2295000,California,Sold,07/10/2026 12:00:00 AM,"Bay, Marina, Bay Bridge, San Francisco, Water, City Lights",2016,94105,27E,Conventional Loan
3645 Market Street,3,1,3,1804,San Francisco,San Francisco,9,11/11/2026 12:00:00 AM,0,0,,TRUE,706,"Maintenance - Exterior, Management Fee, Sewer, , Water, Insurance, Insurance - Structure, Common Area Gas, Maintenance - Common Area, Insurance - Earthquake",3645 Market Street Homeowners Associatio,,1695000,05/27/2026 12:00:00 AM,0.088,3831,06/05/2026 12:00:00 AM,0,SF426132242,05/27/2026 12:00:00 AM,1695000,2754-056,Residential,-122.441021,37.755513,07/15/2026 12:00:00 AM,2260000,California,Sold,07/15/2026 12:00:00 AM,"Bay, City, San Francisco, Water, City Lights, Garden/Greenbelt",2000,94131,2,All Cash No Loans
1942 Buchanan Street,1,0,2,1480,San Francisco,San Francisco,0,11/15/2026 12:00:00 AM,1,0,Security Gate(s),TRUE,485,", Water, Insurance - Structure, Common Area Gas, Maintenance - Common Area",,,2195000,07/21/2026 12:00:00 AM,0.043,1851,07/21/2026 12:00:00 AM,0,SF426129540,07/21/2026 12:00:00 AM,2195000,0662-054,Residential,-122.430024,37.788038,07/21/2026 12:00:00 AM,2200000,California,Sold,07/21/2026 12:00:00 AM,"Hills, City, City Lights",1904,94115,,Conventional Loan
939 Jackson Street,2,1,2,1540,San Francisco,San Francisco,12,12/31/2026 12:00:00 AM,0,1,Roof Deck,TRUE,731,"Maintenance - Exterior, Management Fee, Other, Roof, Sewer, , Water, Insurance, Common Area Gas, Maintenance - Common Area",939 Jackson Street HOA,(415) 531-1584,1795000,06/12/2026 12:00:00 AM,0.118,5156,06/24/2026 12:00:00 AM,0,SF426138935,06/12/2026 12:00:00 AM,1795000,0191-035,Residential,-122.410546,37.795325,07/13/2026 12:00:00 AM,2175000,California,Sold,07/13/2026 12:00:00 AM,"Bay, Bay Bridge, San Francisco, Water, City Lights, Downtown",2005,94133,103,Conventional Loan
1070 Green Street,2,0,2,1660,San Francisco,San Francisco,22,11/30/2026 12:00:00 AM,0,0,Gym/ Exercise Facility,TRUE,2976,"Maintenance - Exterior, Cable/Dish, Management Fee, , Water, Insurance - Structure, Common Area Gas, Maintenance - Common Area, Door Person",Green Hill Towers,,2149000,05/21/2026 12:00:00 AM,0.096,4199,06/12/2026 12:00:00 AM,0,SF426132170,05/21/2026 12:00:00 AM,2149000,0121-A008,Residential,-122.416898,37.798778,07/10/2026 12:00:00 AM,2160000,California,Sold,07/10/2026 12:00:00 AM,"San Francisco, City Lights",1961,94133,302,Not Reported
401 Harrison Street,2,0,2,1297,San Francisco,San Francisco,42,08/31/2026 12:00:00 AM,,0,,TRUE,1961,"Door Person, Landscaping/Gardening, Maintenance - Exterior, Management Fee, Water",One Rincon Hill Tower II Assn,,2198000,04/17/2026 12:00:00 AM,,,05/29/2026 12:00:00 AM,0,ML82043433,04/17/2026 7:27:55 AM,2198000,3765-629,Residential,-122.392396,37.786066,07/13/2026 12:00:00 AM,2128880,California,Sold,07/13/2026 12:00:00 AM,,2014,94105,33D,Conventional Loan
3183 Cesar Chavez Street,3,0,3,1764,San Francisco,San Francisco,27,06/22/2027 12:00:00 AM,0,0,,FALSE,,,,,1799000,06/25/2026 12:00:00 AM,0.05,2193,07/22/2026 12:00:00 AM,0,SF426141816,06/25/2026 12:00:00 AM,1799000,5503-038,Residential,-122.413228,37.748066,07/31/2026 12:00:00 AM,2125000,California,Sold,07/31/2026 12:00:00 AM,,1981,94110,1,Conventional Loan
1859 Vallejo Street,2,1,3,1928,San Francisco,San Francisco,5,09/30/2026 12:00:00 AM,0,1,,TRUE,621,"Maintenance - Exterior, Landscaping/Gardening, Management Fee, , Water, Insurance - Structure, Common Area Gas, Maintenance - Common Area",Ocean Beach Managment,(415) 221-6151,1998000,06/26/2026 12:00:00 AM,0.125,5451,07/01/2026 12:00:00 AM,0,SF426142465,06/26/2026 12:00:00 AM,1998000,0568-052,Residential,-122.427873,37.796025,07/27/2026 12:00:00 AM,2100000,California,Sold,07/27/2026 12:00:00 AM,,1909,94123,4,Conventional Loan
765 Market Street,2,1,2,1761,San Francisco,San Francisco,25,10/31/2026 12:00:00 AM,0,0,,TRUE,3737,"Maintenance - Exterior, Heating, Landscaping/Gardening, Management Fee, Security Service, , Water, Insurance - Structure, Common Area Gas, Maintenance - Common Area, Door Person, Insurance - Earthquake",,,2750000,06/11/2026 12:00:00 AM,1.381,60150,07/06/2026 12:00:00 AM,0,SF426127879,06/11/2026 12:00:00 AM,2750000,3706-260,Residential,-122.404552,37.78635,07/13/2026 12:00:00 AM,2100000,California,Sold,07/13/2026 12:00:00 AM,"Bay, Hills, City, Other, Panoramic, Twin Peaks, City Lights",2001,94103,PH2G,All Cash No Loans
2485 Union Street,1,0,1,1300,San Francisco,San Francisco,9,09/16/2026 12:00:00 AM,1,1,,TRUE,800,,St. Francis Manor HOA,,1650000,06/15/2026 12:00:00 AM,0.083,3633,06/24/2026 12:00:00 AM,0,SF426139521,06/15/2026 12:00:00 AM,1650000,0537-024,Residential,-122.440141,37.796377,07/17/2026 12:00:00 AM,2060000,California,Sold,07/17/2026 12:00:00 AM,"Bay, City, San Francisco, Water, City Lights, Downtown",1925,94123,3,Conventional Loan
571 14th Avenue,1,1,2,1768,San Francisco,San Francisco,8,11/02/2026 12:00:00 AM,1,1,,TRUE,250,,,,1695000,05/26/2026 12:00:00 AM,0.07,3060,06/03/2026 12:00:00 AM,0,SF426133680,05/26/2026 12:00:00 AM,1695000,1557-041,Residential,-122.472961,37.777412,07/09/2026 12:00:00 AM,2050000,California,Sold,07/09/2026 12:00:00 AM,Garden/Greenbelt,1922,94118,,Conventional Loan
338 Main Street,2,0,2,1401,San Francisco,San Francisco,96,07/31/2026 12:00:00 AM,0,0,,TRUE,1476,,,,1995000,04/16/2026 12:00:00 AM,,0,07/21/2026 12:00:00 AM,0,SF426118712,04/16/2026 12:00:00 AM,2195000,3746-162,Residential,-122.391499,37.788675,07/28/2026 12:00:00 AM,2025000,California,Sold,07/28/2026 12:00:00 AM,,0,94105,3G,All Cash No Loans
3190 Sacramento Street,2,0,2,1256,San Francisco,San Francisco,3,08/15/2026 12:00:00 AM,1,1,"Garden/ Greenbelt/ Trails, Security Gate(s)",TRUE,825,"Maintenance - Exterior, Landscaping/Gardening, Management Fee, Insurance - Structure, Common Area Gas, Maintenance - Common Area",,,1995000,05/25/2026 12:00:00 AM,0.334,14529,05/28/2026 12:00:00 AM,0,SF426130066,05/25/2026 12:00:00 AM,1995000,1006-032,Residential,-122.445386,37.788536,07/21/2026 12:00:00 AM,2015000,California,Sold,07/21/2026 12:00:00 AM,"City, City Lights",1979,94115,,Other
1151 Sanchez Street,2,0,2,0,San Francisco,San Francisco,10,10/31/2026 12:00:00 AM,0,1,,TRUE,562,,Johannaes Homeowners Association,(424) 384-9511,1495000,07/06/2026 12:00:00 AM,0.074,3238,07/16/2026 12:00:00 AM,0,SF426144356,07/06/2026 12:00:00 AM,1495000,6536-049,Residential,-122.429421,37.750629,07/27/2026 12:00:00 AM,2010000,California,Sold,07/27/2026 12:00:00 AM,,1900,94114,,Conventional Loan
201 Folsom Street,2,0,3,1401,San Francisco,San Francisco,12,12/31/2026 12:00:00 AM,0,0,"Club House, Gym/ Exercise Facility, Barbecue Area, Pool, Recreation Room, Roof Deck, Sauna, Sauna/ Spa/ Hot Tub",TRUE,1413,"Maintenance - Exterior, Landscaping/Gardening, Management Fee, Pools, Spa, or Tennis, Roof, Security Service, Sewer, , Water, Recreation Facility, Common Area Gas, Maintenance - Common Area",LUMINA HOA,,1795000,06/25/2026 12:00:00 AM,1.731,75406,07/07/2026 12:00:00 AM,0,SF426141998,06/25/2026 12:00:00 AM,1795000,3746-407,Residential,-122.392037,37.788706,07/24/2026 12:00:00 AM,1968000,California,Sold,07/24/2026 12:00:00 AM,"City, Park, City Lights, Garden/Greenbelt",2016,94105,3G,All Cash No Loans
650 Oak Street,2,0,3,1520,San Francisco,San Francisco,12,08/27/2026 12:00:00 AM,2,0,,TRUE,524,,650-652 Oak street,,1598000,06/06/2026 12:00:00 AM,0.08,3484,06/18/2026 12:00:00 AM,0,SF426135155,06/06/2026 12:00:00 AM,1598000,0828-042,Residential,-122.430119,37.774261,07/14/2026 12:00:00 AM,1900000,California,Sold,07/14/2026 12:00:00 AM,,1890,94117,,Not Reported
420 Bay Street,2,1,3,1410,San Francisco,San Francisco,12,06/30/2027 12:00:00 AM,1,0,,TRUE,497,", Water, Insurance - Structure, Common Area Gas, Maintenance - Common Area",420 Bay St HOA,,1649000,07/10/2026 12:00:00 AM,0.05,2188,07/22/2026 12:00:00 AM,0,SF426143250,07/10/2026 12:00:00 AM,1649000,0030-015,Residential,-122.414076,37.805674,07/29/2026 12:00:00 AM,1858081,California,Sold,07/29/2026 12:00:00 AM,,2009,94133,B,Other
201 Folsom Street,2,0,2,1403,San Francisco,San Francisco,0,09/21/2026 12:00:00 AM,0,0,,TRUE,1473,"Maintenance - Exterior, Gas, Heating, Landscaping/Gardening, Management Fee, Pools, Spa, or Tennis, Roof, Sewer, , Water, Recreation Facility, Insurance - Structure, Common Area Gas, Maintenance - Common Area",Lumina HOA,,1799000,06/25/2026 12:00:00 AM,1.731,75406,06/25/2026 12:00:00 AM,0,SF426130373,06/25/2026 12:00:00 AM,1799000,3746-443,Residential,-122.392037,37.788706,07/20/2026 12:00:00 AM,1850000,California,Sold,07/20/2026 12:00:00 AM,,2016,94105,8C,All Cash No Loans
736 Valencia Street,2,0,2,1546,San Francisco,San Francisco,72,07/31/2026 12:00:00 AM,1,0,Roof Deck,TRUE,1103,"Landscaping/Gardening, Sewer, , Insurance, Common Area Gas, Maintenance - Common Area",736 Valencia St Homeowners Association,,1895000,05/16/2026 12:00:00 AM,0.115,5000,07/27/2026 12:00:00 AM,0,SF426131803,05/16/2026 12:00:00 AM,2095000,3588-110,Residential,-122.421818,37.761126,07/28/2026 12:00:00 AM,1835000,California,Sold,07/28/2026 12:00:00 AM,"Hills, City, San Francisco, City Lights, Downtown",2010,94110,402,Conventional Loan
1010 Cole Street,1,0,3,1250,San Francisco,San Francisco,13,09/29/2026 12:00:00 AM,2,1,,TRUE,254,,1006-1010 Cole Street HOA,,1295000,06/04/2026 12:00:00 AM,0.057,2500,06/17/2026 12:00:00 AM,0,SF426136012,06/04/2026 12:00:00 AM,1295000,1278-030,Residential,-122.449493,37.764697,07/01/2026 12:00:00 AM,1830000,California,Sold,07/01/2026 12:00:00 AM,,1907,94117,,Conventional Loan
138 Saturn Street,2,0,3,1346,San Francisco,San Francisco,0,10/01/2026 12:00:00 AM,0,1,,TRUE,448,"Sewer, , Water, Insurance",136-138 Saturn HOA,,1400000,07/27/2026 12:00:00 AM,0.057,2464,07/27/2026 12:00:00 AM,0,SF426150347,07/27/2026 12:00:00 AM,1400000,2627-066,Residential,-122.443605,37.762841,07/27/2026 12:00:00 AM,1800000,California,Sold,07/27/2026 12:00:00 AM,City,1900,94114,,Conventional Loan
195 25th Avenue,2,0,2,1350,San Francisco,San Francisco,0,10/31/2026 12:00:00 AM,0,0,,TRUE,650,", Insurance - Structure",,,1650000,06/30/2026 12:00:00 AM,0.087,3782,06/30/2026 12:00:00 AM,0,SF426140340,06/30/2026 12:00:00 AM,1650000,1333-048,Residential,-122.485358,37.78599,07/13/2026 12:00:00 AM,1800000,California,Sold,07/13/2026 12:00:00 AM,"Bay, Golden Gate Bridge, Other, San Francisco, Twin Peaks, Water, City Lights",1930,94121,301,All Cash No Loans
136 Everson Street,2,0,3,1605,San Francisco,San Francisco,13,10/14/2026 12:00:00 AM,0,1,,TRUE,593,"Landscaping/Gardening, Management Fee, Insurance, Insurance - Structure",,,1295000,06/19/2026 12:00:00 AM,0.012,501,07/02/2026 12:00:00 AM,0,SF426139839,06/19/2026 12:00:00 AM,1295000,7544-117,Residential,-122.432402,37.73873,07/10/2026 12:00:00 AM,1800000,California,Sold,07/10/2026 12:00:00 AM,,1973,94131,,All Cash No Loans
736 Valencia Street,2,0,2,1281,San Francisco,San Francisco,73,07/31/2026 12:00:00 AM,1,0,Roof Deck,TRUE,997,"Management Fee, Sewer, , Insurance - Structure",736 Valencia Home Owners Association,,1795000,05/15/2026 12:00:00 AM,0.115,5000,07/27/2026 12:00:00 AM,0,SF426131585,05/15/2026 12:00:00 AM,1895000,3588-111,Residential,-122.421818,37.761126,07/28/2026 12:00:00 AM,1800000,California,Sold,07/28/2026 12:00:00 AM,"Hills, Other, Park, San Francisco, Twin Peaks, Forest/Woods, City Lights, Garden/Greenbelt",2010,94110,501,All Cash No Loans
280 Spear Street,2,0,2,1302,San Francisco,San Francisco,10,08/31/2026 12:00:00 AM,0,0,,TRUE,1586,"Maintenance - Exterior, Landscaping/Gardening, Management Fee, Other, Roof, Sewer, , Water, Insurance - Structure, Common Area Gas, Maintenance - Common Area, Door Person",,,1795000,06/29/2026 12:00:00 AM,1.26,54884,07/09/2026 12:00:00 AM,0,SF426128437,06/29/2026 12:00:00 AM,1795000,3740-190,Residential,-122.391683,37.790006,07/20/2026 12:00:00 AM,1795000,California,Sold,07/20/2026 12:00:00 AM,"Bay, Bay Bridge, San Francisco",2020,94105,7D,All Cash No Loans
324 Noriega Street,3,0,4,1724,San Francisco,San Francisco,8,10/31/2026 12:00:00 AM,0,1,,TRUE,400,"Common Area Gas, Maintenance - Common Area",,,1595000,05/27/2026 12:00:00 AM,0.057,2500,06/04/2026 12:00:00 AM,0,SF426133219,05/27/2026 12:00:00 AM,1595000,2039-052,Residential,-122.467284,37.754892,07/06/2026 12:00:00 AM,1760000,California,Sold,07/06/2026 12:00:00 AM,"Golden Gate Bridge, City Lights",1967,94122,,Not Reported
1000 3rd Street,2,0,2,1276,San Francisco,San Francisco,0,11/06/2026 12:00:00 AM,0,1,"Club House, Gym/ Exercise Facility, Barbecue Area, Pool, Sauna, Security Gate(s), Sauna/ Spa/ Hot Tub",TRUE,1081,"Maintenance - Exterior, Landscaping/Gardening, Management Fee, Pools, Spa, or Tennis, Roof, Sewer, , Recreation Facility, Insurance - Structure, Common Area Gas, Maintenance - Common Area",One Mission Bay,,1698000,07/02/2026 12:00:00 AM,1.056,46014,07/02/2026 12:00:00 AM,0,SF426141822,07/02/2026 12:00:00 AM,1698000,8715-125,Residential,-122.390316,37.775573,07/31/2026 12:00:00 AM,1728812,California,Sold,07/31/2026 12:00:00 AM,,2018,94158,812,Loan -  Adjustable Rate Mortgage
703 Vermont Street,1,1,2,1675,San Francisco,San Francisco,14,09/30/2026 12:00:00 AM,0,1,Other,TRUE,577,,701-703-705 Vermont St Homeowners Associ,,1299000,06/24/2026 12:00:00 AM,0.062,2684,07/08/2026 12:00:00 AM,0,SF426141024,06/24/2026 12:00:00 AM,1299000,4074-044,Residential,-122.403925,37.760724,07/27/2026 12:00:00 AM,1710000,California,Sold,07/27/2026 12:00:00 AM,"Bay, Bay Bridge, San Francisco, Downtown",1907,94107,,Not Reported
323 7th Avenue,2,0,3,1478,San Francisco,San Francisco,0,12/31/2026 12:00:00 AM,1,1,,TRUE,582,,,,1650000,06/19/2026 12:00:00 AM,0.069,3000,06/19/2026 12:00:00 AM,0,SF426140109,06/19/2026 12:00:00 AM,1650000,1439-069,Residential,-122.465631,37.782431,07/21/2026 12:00:00 AM,1700000,California,Sold,07/21/2026 12:00:00 AM,San Francisco,1910,94118,3,Conventional Loan
1998 Broadway Street,2,0,2,0,San Francisco,San Francisco,73,10/16/2026 12:00:00 AM,0,0,Roof Deck,TRUE,1633,"Maintenance - Exterior, Heating, Cable/Dish, Landscaping/Gardening, Management Fee, , Water, Insurance - Structure, Common Area Gas, Maintenance - Common Area, Door Person",Broadway Towers HOA,,1750000,04/16/2026 12:00:00 AM,0.349,15195,07/23/2026 12:00:00 AM,0,SF425082566,04/16/2026 12:00:00 AM,1750000,0567-092,Residential,-122.429825,37.795325,07/29/2026 12:00:00 AM,1700000,California,Sold,07/29/2026 12:00:00 AM,"Bay, City",1964,94109,1201,Conventional Loan
765 Market Street,2,0,2,1427,San Francisco,San Francisco,54,05/06/2027 12:00:00 AM,0,0,,TRUE,3550,,,,1595000,05/06/2026 12:00:00 AM,1.381,60150,06/29/2026 12:00:00 AM,0,SF426143034,05/06/2026 12:00:00 AM,1595000,3706-158,Residential,-122.404552,37.78635,07/16/2026 12:00:00 AM,1675000,California,Sold,07/16/2026 12:00:00 AM,,2001,94103,25H,All Cash No Loans
189 Collingwood Street,2,0,2,1321,San Francisco,San Francisco,36,07/31/2026 12:00:00 AM,0,0,,TRUE,300,,,,1672000,06/17/2026 12:00:00 AM,0.071,3071,06/17/2026 12:00:00 AM,0,SF426148907,06/17/2026 12:00:00 AM,1672000,2695-046,Residential,-122.435802,37.759504,07/22/2026 12:00:00 AM,1672000,California,Sold,07/22/2026 12:00:00 AM,,0,94114,,Conventional Loan
1254 Washington Street,2,0,3,1410,San Francisco,San Francisco,62,09/26/2026 12:00:00 AM,1,0,Roof Deck,TRUE,1405,"Gas, Heating, Management Fee, , Water, Insurance, Common Area Gas, Maintenance - Common Area",,,1695000,04/23/2026 12:00:00 AM,0.133,5813,06/24/2026 12:00:00 AM,0,SF426116328,04/23/2026 12:00:00 AM,1695000,0189-032,Residential,-122.413798,37.794381,07/07/2026 12:00:00 AM,1670000,California,Sold,07/07/2026 12:00:00 AM,"Bay, Hills, Bay Bridge, Mt. Diablo, San Francisco, Water, City Lights, Downtown",1913,94108,,Not Reported
338 Main Street,2,0,2,1382,San Francisco,San Francisco,0,12/31/2027 12:00:00 AM,0,0,"Gym/ Exercise Facility, Pool",TRUE,1465,,,,1685000,06/12/2026 12:00:00 AM,1.731,75406,06/12/2026 12:00:00 AM,0,SF426132032,06/12/2026 12:00:00 AM,1685000,3746-200,Residential,-122.391499,37.788675,07/10/2026 12:00:00 AM,1656500,California,Sold,07/10/2026 12:00:00 AM,,2016,94105,8E,All Cash No Loans
1460 Clayton Street,3,0,3,2265,San Francisco,San Francisco,21,10/31/2026 12:00:00 AM,1,1,Security Gate(s),TRUE,369,", Insurance - Structure, Common Area Gas, Maintenance - Common Area",1460-1462 Clayton Street Homeowners Asso,,1677888,05/29/2026 12:00:00 AM,0.028,1227,06/19/2026 12:00:00 AM,0,SF426132455,05/29/2026 12:00:00 AM,1677888,2704-063,Residential,-122.445244,37.758594,07/06/2026 12:00:00 AM,1650000,California,Sold,07/06/2026 12:00:00 AM,"Bay, City, Other, Ridge, San Francisco, Twin Peaks, City Lights, Downtown",1963,94114,,Conventional Loan
3652 17th Street,1,0,2,1221,San Francisco,San Francisco,7,08/31/2026 12:00:00 AM,1,1,,TRUE,400,,,,1349000,05/28/2026 12:00:00 AM,0.057,2482,06/04/2026 12:00:00 AM,0,SF426134598,05/28/2026 12:00:00 AM,1349000,3566-080,Residential,-122.427488,37.763211,07/07/2026 12:00:00 AM,1650000,California,Sold,07/07/2026 12:00:00 AM,,1888,94114,,Conventional Loan
1789 Washington Street,2,0,2,1105,San Francisco,San Francisco,13,12/31/2026 12:00:00 AM,0,1,,TRUE,953,"Insurance - Homeowners , Management Fee, Roof, Sewer, , Water, Common Area Gas, Maintenance - Common Area",,,1595000,06/25/2026 12:00:00 AM,0.211,9202,07/08/2026 12:00:00 AM,0,SF426134218,06/25/2026 12:00:00 AM,1595000,0619-191,Residential,-122.422372,37.792934,07/14/2026 12:00:00 AM,1635000,California,Sold,07/14/2026 12:00:00 AM,"Bay, City, Mountains, Mt. Tamalpais, Panoramic, San Francisco, Water",2017,94109,702,All Cash No Loans
2217 Pacific Avenue,1,0,2,1290,San Francisco,San Francisco,105,06/30/2026 12:00:00 AM,1,0,,TRUE,649,,2217 Pacific Ave HOA,,1650000,03/09/2026 12:00:00 AM,0.072,3152,06/22/2026 12:00:00 AM,0,SF426110109,03/09/2026 12:00:00 AM,1650000,0589-040,Residential,-122.432188,37.793543,07/06/2026 12:00:00 AM,1635000,California,Sold,07/06/2026 12:00:00 AM,,1900,94115,4,Conventional Loan
932 Broderick Street,2,0,2,1171,San Francisco,San Francisco,10,11/09/2026 12:00:00 AM,0,0,,TRUE,750,,,,1195000,07/06/2026 12:00:00 AM,0.047,2056,07/16/2026 12:00:00 AM,0,SF426140001,07/06/2026 12:00:00 AM,1195000,1153-030,Residential,-122.440233,37.779325,07/23/2026 12:00:00 AM,1608000,California,Sold,07/23/2026 12:00:00 AM,,1984,94115,2,Not Reported
900 Minnesota Street,2,0,2,1244,San Francisco,San Francisco,17,11/24/2026 12:00:00 AM,0,1,,TRUE,631,,,,1600000,06/11/2026 12:00:00 AM,1.962,85458,07/02/2026 12:00:00 AM,0,SF426135279,06/11/2026 12:00:00 AM,1600000,4106-045,Residential,-122.390666,37.759587,07/23/2026 12:00:00 AM,1604000,California,Sold,07/23/2026 12:00:00 AM,,2009,94107,116,Conventional Loan
1334 11th Avenue,1,1,2,1350,San Francisco,San Francisco,3,12/12/2026 12:00:00 AM,2,0,,TRUE,415,,,,1249000,06/12/2026 12:00:00 AM,0.069,3000,06/15/2026 12:00:00 AM,0,SF426138996,06/12/2026 12:00:00 AM,1249000,1765-078,Residential,-122.468241,37.763272,07/02/2026 12:00:00 AM,1600000,California,Sold,07/02/2026 12:00:00 AM,,1908,94122,,Conventional Loan
338 Spear Street,2,0,2,1181,San Francisco,San Francisco,53,08/31/2026 12:00:00 AM,0,0,"Club House, Gym/ Exercise Facility, Pool, Sauna",TRUE,1374,"Gas, Landscaping/Gardening, Management Fee, Organized Activities, Pools, Spa, or Tennis, Security Service, Sewer, , Water, Common Area Gas, Maintenance - Common Area, Door Person",Infinity HOA,(415) 369-9888,1679000,04/30/2026 12:00:00 AM,1.75,76210,06/24/2026 12:00:00 AM,0,SF426126630,04/30/2026 12:00:00 AM,1729000,3745-505,Residential,-122.390625,37.789418,07/07/2026 12:00:00 AM,1600000,California,Sold,07/07/2026 12:00:00 AM,"Bay, City, Bay Bridge, San Francisco, Water, City Lights",2009,94105,18E,All Cash No Loans
250 King Street,2,0,2,1476,San Francisco,San Francisco,14,12/18/2026 12:00:00 AM,0,0,"Club House, Gym/ Exercise Facility, Pool, Recreation Room, Dog Park, Sauna, Sauna/ Spa/ Hot Tub",TRUE,1271,"Maintenance - Exterior, Management Fee, Pools, Spa, or Tennis, Security Service, Sewer, , Water, Recreation Facility, Common Area Gas, Maintenance - Common Area, Door Person, Insurance - Earthquake",Beacon HOA,,1599000,06/24/2026 12:00:00 AM,4.895,213232,07/08/2026 12:00:00 AM,0,SF426141278,06/24/2026 12:00:00 AM,1599000,8702-132,Residential,-122.393162,37.778222,07/15/2026 12:00:00 AM,1599000,California,Sold,07/15/2026 12:00:00 AM,"Bay, Panoramic, Water",2004,94107,1602,Not Reported
3334 16th Street,2,0,2,0,San Francisco,San Francisco,13,10/31/2026 12:00:00 AM,0,1,Security Gate(s),TRUE,525,,3330-3334 16th St HOA,,1398000,06/05/2026 12:00:00 AM,0.052,2277,06/18/2026 12:00:00 AM,0,SF426132691,06/05/2026 12:00:00 AM,1398000,3557-161,Residential,-122.427169,37.764826,07/15/2026 12:00:00 AM,1580000,California,Sold,07/15/2026 12:00:00 AM,"Hills, City, Twin Peaks, City Lights",2008,94114,A,All Cash No Loans
2062 Grove Street,1,1,2,1160,San Francisco,San Francisco,6,12/31/2026 12:00:00 AM,0,1,,TRUE,300,,,,1195000,06/25/2026 12:00:00 AM,0.079,3421,07/01/2026 12:00:00 AM,0,SF426142309,06/25/2026 12:00:00 AM,1195000,1189-035,Residential,-122.450541,37.774509,07/16/2026 12:00:00 AM,1550000,California,Sold,07/16/2026 12:00:00 AM,,1911,94117,,Conventional Loan
173 Guerrero Street,1,0,2,1295,San Francisco,San Francisco,21,09/19/2026 12:00:00 AM,1,1,,TRUE,250,,,,1550000,05/07/2026 12:00:00 AM,0.048,2099,05/28/2026 12:00:00 AM,0,SF426117930,05/07/2026 12:00:00 AM,1399000,3533-085,Residential,-122.424233,37.768436,07/01/2026 12:00:00 AM,1550000,California,Sold,07/01/2026 12:00:00 AM,,1926,94103,,All Cash No Loans
2190 15th Street,2,0,3,1448,San Francisco,San Francisco,11,12/31/2026 12:00:00 AM,2,0,,TRUE,600,,,,1395000,06/12/2026 12:00:00 AM,0.06,2624,06/23/2026 12:00:00 AM,0,SF426138277,06/12/2026 12:00:00 AM,1395000,3541-150,Residential,-122.432989,37.766111,07/15/2026 12:00:00 AM,1535000,California,Sold,07/15/2026 12:00:00 AM,,1900,94114,,Conventional Loan
300 Berry Street,2,0,3,1277,San Francisco,San Francisco,15,12/03/2026 12:00:00 AM,0,1,"Club House, Gym/ Exercise Facility, Barbecue Area, Roof Deck",TRUE,948,"Maintenance - Exterior, Gas, Management Fee, Sewer, , Water, Insurance - Structure, Common Area Gas, Maintenance - Common Area, Door Person",Arterra,,1349000,06/25/2026 12:00:00 AM,0.961,41861,07/10/2026 12:00:00 AM,0,SF426139816,06/25/2026 12:00:00 AM,1349000,8704-090,Residential,-122.396231,37.773892,07/20/2026 12:00:00 AM,1500000,California,Sold,07/20/2026 12:00:00 AM,,2009,94158,554,Loan -  Adjustable Rate Mortgage
101 Lombard ,2,0,2,1544,San Francisco,San Francisco,10,09/15/2026 12:00:00 AM,0,0,"Club House, Garden/ Greenbelt/ Trails, Roof Deck, Sauna/ Spa/ Hot Tub, Car Wash Area",TRUE,1750,"Maintenance - Exterior, Heating, Cable/Dish, Insurance - Homeowners , Landscaping/Gardening, Management Fee, Pools, Spa, or Tennis, Security Service, Sewer, , Water, Insurance, Common Area Gas, Maintenance - Common Area, Door Person",101 Lombard,(415) 956-8101,1450000,06/12/2026 12:00:00 AM,0,3,06/22/2026 12:00:00 AM,0,SF426138184,06/12/2026 12:00:00 AM,1450000,0080-095,Residential,-122.404087,37.803828,07/10/2026 12:00:00 AM,1500000,California,Sold,07/10/2026 12:00:00 AM,"Bay, Hills, Bay Bridge, City Lights, Garden/Greenbelt",1983,94111,507W,Conventional Loan
1965 Clay Street,1,0,1,1015,San Francisco,San Francisco,12,09/01/2026 12:00:00 AM,1,0,,TRUE,410,,1963A-1963-1965-1967 Clay Street HOA,,1095000,06/12/2026 12:00:00 AM,0.084,3662,06/24/2026 12:00:00 AM,0,SF426135648,06/12/2026 12:00:00 AM,1095000,0624-102,Residential,-122.425289,37.791569,07/03/2026 12:00:00 AM,1500000,California,Sold,07/03/2026 12:00:00 AM,,1938,94109,,Not Reported
2395 Post Street,2,0,3,1446,San Francisco,San Francisco,13,09/03/2026 12:00:00 AM,1,1,,TRUE,450,"Common Area Electricity, Insurance - Common Area, Insurance - Homeowners , Insurance - Liability , Landscaping/Gardening, Maintenance - Common Area, Maintenance - Exterior","2393, 2395, 2399 Post Street HOA",(415) 318-6818,1350000,06/03/2026 12:00:00 AM,,,06/16/2026 12:00:00 AM,0,ML82049579,06/03/2026 9:34:45 AM,1350000,1079-036,Residential,-122.441144,37.783919,07/08/2026 12:00:00 AM,1500000,California,Sold,07/08/2026 12:00:00 AM,Neighborhood,2002,94115,,Conventional Loan
600 Capp Street,1,1,3,1532,San Francisco,San Francisco,66,08/17/2026 12:00:00 AM,0,2,,TRUE,,,600-602 Capp St HOA,,1595000,04/17/2026 12:00:00 AM,0.051,2210,06/22/2026 12:00:00 AM,0,SF426122602,04/17/2026 12:00:00 AM,1595000,3615-068,Residential,-122.418012,37.756953,07/02/2026 12:00:00 AM,1500000,California,Sold,07/02/2026 12:00:00 AM,,1900,94110,,Conventional Loan
706 Mission Street,2,0,2,1301,San Francisco,San Francisco,191,01/01/2027 12:00:00 AM,0,0,"Club House, Gym/ Exercise Facility, Recreation Room",TRUE,3748,"Maintenance - Exterior, Gas, Security Service, , Water, Door Person, Insurance - Earthquake",,,1500000,01/05/2026 12:00:00 AM,0.03,1303,07/15/2026 12:00:00 AM,0,SF426093771,01/05/2026 12:00:00 AM,1500000,3706-313,Residential,-122.40257,37.78614,07/17/2026 12:00:00 AM,1500000,California,Sold,07/17/2026 12:00:00 AM,"City, City Lights, Downtown",2021,94103,6C,All Cash No Loans
1 Hawthorne Street,2,0,2,1380,San Francisco,San Francisco,82,08/31/2026 12:00:00 AM,0,0,"Gym/ Exercise Facility, Barbecue Area, Roof Deck",TRUE,1687,"Maintenance - Exterior, Landscaping/Gardening, Management Fee, Security Service, , Water, Door Person",,,1499000,05/07/2026 12:00:00 AM,0.285,12409,07/28/2026 12:00:00 AM,0,SF426125694,05/07/2026 12:00:00 AM,1499000,3735-A025,Residential,-122.398897,37.785743,07/31/2026 12:00:00 AM,1499000,California,Sold,07/31/2026 12:00:00 AM,"San Francisco, City Lights",2010,94105,4H,Not Reported
650 Delancey Street,2,0,2,1450,San Francisco,San Francisco,1,09/19/2026 12:00:00 AM,0,0,,TRUE,963,"Management Fee, Sewer, , Water, Insurance - Structure",Oriental Warehouse Owners Association,,1249000,06/18/2026 12:00:00 AM,1.422,61922,06/19/2026 12:00:00 AM,0,SF426140013,06/18/2026 12:00:00 AM,1249000,3789-489,Residential,-122.389311,37.783123,07/02/2026 12:00:00 AM,1480000,California,Sold,07/02/2026 12:00:00 AM,,1996,94107,404,All Cash No Loans
2145 Franklin Street,2,0,2,1700,San Francisco,San Francisco,13,10/31/2026 12:00:00 AM,1,0,,TRUE,1200,"Maintenance - Exterior, Landscaping/Gardening, Management Fee, , Water, Insurance - Structure, Common Area Gas, Maintenance - Common Area",,,1379000,05/29/2026 12:00:00 AM,0.111,4825,06/11/2026 12:00:00 AM,0,SF426115571,05/29/2026 12:00:00 AM,1379000,0593-044,Residential,-122.425042,37.79438,07/07/2026 12:00:00 AM,1477000,California,Sold,07/07/2026 12:00:00 AM,,1917,94109,1,Conventional Loan
501 Beale Street,2,0,2,1178,San Francisco,San Francisco,115,07/31/2026 12:00:00 AM,0,0,,TRUE,1533,,,,1475000,03/05/2026 12:00:00 AM,0.519,22594,06/29/2026 12:00:00 AM,0,SF426098645,03/05/2026 12:00:00 AM,1475000,3771-039,Residential,-122.389116,37.786253,07/08/2026 12:00:00 AM,1475000,California,Sold,07/08/2026 12:00:00 AM,,2006,94105,7H,Conventional Loan
1345 20th Street,1,0,2,1141,San Francisco,San Francisco,9,09/30/2026 12:00:00 AM,1,1,,TRUE,300,"Common Area Electricity, Common Area Gas, Hot Water, Insurance - Common Area, Maintenance - Exterior, Water",1345-1345A 20th HOA,,1295000,06/16/2026 12:00:00 AM,,,06/25/2026 12:00:00 AM,0,ML82051060,06/16/2026 12:00:00 AM,1295000,4102-164,Residential,-122.39501,37.759977,07/15/2026 12:00:00 AM,1455000,California,Sold,07/15/2026 12:00:00 AM,,1950,94107,,Conventional Loan
3481 16th Street,1,0,3,1187,San Francisco,San Francisco,7,12/19/2026 12:00:00 AM,2,0,Security Gate(s),TRUE,2500,,,,1198000,07/10/2026 12:00:00 AM,0.052,2249,07/17/2026 12:00:00 AM,0,SF426143341,07/10/2026 12:00:00 AM,1198000,3565-092,Residential,-122.430458,37.764229,07/30/2026 12:00:00 AM,1435000,California,Sold,07/30/2026 12:00:00 AM,City,1902,94114,,Conventional Loan
4231 26th Street,3,0,3,1401,San Francisco,San Francisco,22,07/02/2026 12:00:00 AM,0,1,,TRUE,,,4231-4231A 26th STREET HOMEOWNERS ASSOCI,,1395000,05/27/2026 12:00:00 AM,0.071,3108,06/18/2026 12:00:00 AM,0,SF426134400,05/27/2026 12:00:00 AM,1395000,6562-062,Residential,-122.434898,37.747723,07/17/2026 12:00:00 AM,1428888,California,Sold,07/17/2026 12:00:00 AM,,1907,94131,A,All Cash No Loans
2802 Clay Street,1,0,1,940,San Francisco,San Francisco,0,07/22/2026 12:00:00 AM,0,1,,TRUE,550,,,,1400000,07/20/2026 12:00:00 AM,0.058,2513,07/20/2026 12:00:00 AM,0,SF426148051,07/20/2026 12:00:00 AM,1400000,1002-041,Residential,-122.439414,37.790195,07/20/2026 12:00:00 AM,1425000,California,Sold,07/20/2026 12:00:00 AM,,1925,94115,,Conventional Loan
650 Delancey Street,2,0,2,1430,San Francisco,San Francisco,0,07/15/2026 12:00:00 AM,0,1,,TRUE,858,"Maintenance - Exterior, Landscaping/Gardening, Management Fee, Roof, Sewer, , Water, Insurance - Structure, Common Area Gas, Maintenance - Common Area",Oriental Warehouse HOA,(415) 345-1270,1395000,06/23/2026 12:00:00 AM,1.422,61922,06/23/2026 12:00:00 AM,0,SF426144770,06/23/2026 12:00:00 AM,1395000,3789-496,Residential,-122.389311,37.783123,07/07/2026 12:00:00 AM,1425000,California,Sold,07/07/2026 12:00:00 AM,,1996,94107,411,All Cash No Loans
53 Wilder Street,2,0,2,1212,San Francisco,San Francisco,13,09/15/2026 12:00:00 AM,1,1,,TRUE,777,"Maintenance - Exterior, Management Fee, Sewer, , Water, Insurance - Structure, Common Area Gas, Maintenance - Common Area",,,1295000,06/18/2026 12:00:00 AM,0.36,15674,07/01/2026 12:00:00 AM,0,SF426140413,06/18/2026 12:00:00 AM,1295000,6745-086,Residential,-122.433495,37.733929,07/20/2026 12:00:00 AM,1425000,California,Sold,07/20/2026 12:00:00 AM,,2006,94131,403,Conventional Loan
2476 Sutter Street,2,0,2,1125,San Francisco,San Francisco,9,04/25/2027 12:00:00 AM,0,1,Security Gate(s),TRUE,275,"Landscaping/Gardening, , Water, Insurance - Structure, Common Area Gas, Maintenance - Common Area",Sutter Street Homeowners Association,,1195000,06/17/2026 12:00:00 AM,0.101,4400,06/26/2026 12:00:00 AM,0,SF426128398,06/17/2026 12:00:00 AM,1195000,1052-027,Residential,-122.441135,37.785314,07/08/2026 12:00:00 AM,1420000,California,Sold,07/08/2026 12:00:00 AM,"City Lights, Garden/Greenbelt",1980,94115,2,All Cash No Loans
555 Fulton Street,2,0,2,1167,San Francisco,San Francisco,5,12/19/2026 12:00:00 AM,0,1,,TRUE,970,"Maintenance - Exterior, Landscaping/Gardening, Management Fee, Sewer, , Insurance, Insurance - Structure, Common Area Gas, Maintenance - Common Area, Door Person",555 Fulton HOA,,1298988,06/19/2026 12:00:00 AM,1.016,44250,06/24/2026 12:00:00 AM,0,SF426140459,06/19/2026 12:00:00 AM,1298988,0794-165,Residential,-122.426109,37.778158,07/20/2026 12:00:00 AM,1415000,California,Sold,07/20/2026 12:00:00 AM,"City, San Francisco, City Lights",2020,94102,432,Conventional Loan
736 Valencia Street,2,0,2,1282,San Francisco,San Francisco,84,08/07/2026 12:00:00 AM,1,0,,TRUE,1044,"Maintenance - Exterior, Heating, Landscaping/Gardening, Management Fee, Insurance - Structure",736 Valencia St HOA,,1495000,05/08/2026 12:00:00 AM,0.115,5000,07/31/2026 12:00:00 AM,0,SF426129188,05/08/2026 12:00:00 AM,1650000,3588-107,Residential,-122.421818,37.761126,07/31/2026 12:00:00 AM,1415000,California,Sold,07/31/2026 12:00:00 AM,Other,2010,94110,301,Conventional Loan
238 Linden Street,2,0,3,1394,San Francisco,San Francisco,1,12/28/2026 12:00:00 AM,0,0,,TRUE,200,", Water, Insurance",238-240 Linden Street,,1150000,07/02/2026 12:00:00 AM,0.027,1155,07/03/2026 12:00:00 AM,0,SF426132176,07/02/2026 12:00:00 AM,1150000,0816-102,Residential,-122.42199,37.776644,07/28/2026 12:00:00 AM,1400000,California,Sold,07/28/2026 12:00:00 AM,,1907,94102,,Conventional Loan
73 Sumner St ,2,0,2,1368,San Francisco,San Francisco,12,,1,2,Roof Deck,TRUE,1060,"Maintenance - Exterior, Garbage, Other, Water/Sewer, Maintenance - Common Area",,(415) 563-3957,1275000,06/04/2026 12:00:00 AM,0.137,5972,06/16/2026 12:00:00 AM,0,EB41137131,,1275000,3730-177,Residential,-122.41009,37.776115,07/07/2026 12:00:00 AM,1400000,California,Sold,07/09/2026 12:00:00 AM,,2002,94103,402,Conventional Loan
501 Beale St ,2,0,2,1259,San Francisco,San Francisco,49,,0,1,"Pool, Sauna/ Spa/ Hot Tub",TRUE,1475,"Maintenance - Exterior, Garbage, Management Fee, Reserves, Security Service, Water/Sewer",,41528421009,1449000,05/15/2026 12:00:00 AM,1,0,07/03/2026 12:00:00 AM,0,CC41134891,,1495000,3771-043,Residential,-122.389116,37.786253,07/24/2026 12:00:00 AM,1400000,California,Sold,07/24/2026 12:00:00 AM,,2006,94105,8D,Conventional Loan
690 Market Street,2,1,2,1431,San Francisco,San Francisco,37,07/06/2026 12:00:00 AM,0,0,"Club House, Gym/ Exercise Facility",TRUE,3655,"Water, Common Area Gas, Maintenance - Common Area",690 Market Homeowners Association,,1498000,05/18/2026 12:00:00 AM,0.261,11357,06/29/2026 12:00:00 AM,0,SF426129278,05/18/2026 12:00:00 AM,1498000,0311-085,Residential,-122.403065,37.788229,07/02/2026 12:00:00 AM,1400000,California,Sold,07/02/2026 12:00:00 AM,"City Lights, Downtown",2007,94104,1703,All Cash No Loans
101 Lombard Street,2,0,2,1509,San Francisco,San Francisco,11,07/17/2026 12:00:00 AM,1,1,"Garden/ Greenbelt/ Trails, Pool, Sauna/ Spa/ Hot Tub, Car Wash Area",TRUE,1750,"Maintenance - Exterior, Heating, Landscaping/Gardening, Management Fee, Pools, Spa, or Tennis, Roof, Sewer, , Water, Insurance - Structure, Common Area Gas, Maintenance - Common Area, Door Person",101 Lombard Street Condominium Associati,(415) 956-8101,1198000,06/12/2026 12:00:00 AM,2.604,113438,06/23/2026 12:00:00 AM,0,SF426138868,06/12/2026 12:00:00 AM,1198000,0080-178,Residential,-122.404087,37.803828,07/14/2026 12:00:00 AM,1385000,California,Sold,07/14/2026 12:00:00 AM,Bay Bridge,1983,94111,214E,Conventional Loan
1855 Sacramento Street,1,0,2,1241,San Francisco,San Francisco,7,10/27/2026 12:00:00 AM,0,0,Other,TRUE,569,"Maintenance - Exterior, Heating, Landscaping/Gardening, Management Fee, Other, , Water, Insurance, Insurance - Structure, Common Area Gas, Maintenance - Common Area",1855 Sacramento Street Condominium Assoc,(415) 221-6151,1236000,06/15/2026 12:00:00 AM,0.158,6873,06/22/2026 12:00:00 AM,0,SF426135208,06/15/2026 12:00:00 AM,1236000,0642-029,Residential,-122.423414,37.790964,07/01/2026 12:00:00 AM,1360000,California,Sold,07/01/2026 12:00:00 AM,,1916,94109,6,All Cash No Loans
170 King Street,2,0,2,1092,San Francisco,San Francisco,7,08/10/2026 12:00:00 AM,0,1,"Gym/ Exercise Facility, Barbecue Area, Pool, Roof Deck, Sauna/ Spa/ Hot Tub",TRUE,1092,"Maintenance - Exterior, Gas, Landscaping/Gardening, Management Fee, Pools, Spa, or Tennis, Sewer, , Water, Insurance - Structure, Common Area Gas, Maintenance - Common Area",170 Off Third Owners Association,(415) 538-8660,1028000,06/19/2026 12:00:00 AM,0.986,42969,06/26/2026 12:00:00 AM,0,SF426140932,06/19/2026 12:00:00 AM,1028000,3794-216,Residential,-122.391468,37.778989,07/07/2026 12:00:00 AM,1335000,California,Sold,07/07/2026 12:00:00 AM,,2007,94107,828,All Cash No Loans
3634 20th Street,1,0,1,1102,San Francisco,San Francisco,17,09/01/2026 12:00:00 AM,0,1,Security Gate(s),TRUE,521,"Maintenance - Exterior, Landscaping/Gardening, Sewer, , Water, Insurance - Structure, Common Area Gas, Maintenance - Common Area",3634 20th St. HOA,,995000,05/29/2026 12:00:00 AM,0.074,3228,06/15/2026 12:00:00 AM,0,SF426134222,05/29/2026 12:00:00 AM,995000,3597-086,Residential,-122.422225,37.758669,07/10/2026 12:00:00 AM,1335000,California,Sold,07/10/2026 12:00:00 AM,,1938,94110,1,Conventional Loan
631 Folsom Street,2,0,2,0,San Francisco,San Francisco,3,10/31/2026 12:00:00 AM,0,1,Barbecue Area,TRUE,1336,"Maintenance - Exterior, Landscaping/Gardening, Management Fee, Sewer, , Water, Insurance - Structure, Common Area Gas, Maintenance - Common Area, Door Person",,,1195000,07/06/2026 12:00:00 AM,0.874,38089,07/09/2026 12:00:00 AM,0,SF426142143,07/06/2026 12:00:00 AM,1195000,3750-604,Residential,-122.396951,37.784907,07/31/2026 12:00:00 AM,1330000,California,Sold,07/31/2026 12:00:00 AM,Downtown,2009,94107,2B,Not Reported
757 North Point Street,2,0,2,1220,San Francisco,San Francisco,22,09/25/2026 12:00:00 AM,0,1,,TRUE,750,,757 North Point Street Homeowners Associ,,1295000,06/18/2026 12:00:00 AM,0.217,9453,07/10/2026 12:00:00 AM,0,SF426138231,06/18/2026 12:00:00 AM,1295000,0027-041,Residential,-122.419642,37.805624,07/20/2026 12:00:00 AM,1320000,California,Sold,07/20/2026 12:00:00 AM,,1989,94109,3,Conventional Loan
178 Grand View Avenue,2,0,2,1181,San Francisco,San Francisco,12,09/30/2026 12:00:00 AM,1,1,,TRUE,385,,178 Grand View Owners Association,,995000,06/05/2026 12:00:00 AM,0.134,5845,06/17/2026 12:00:00 AM,0,SF426135552,06/05/2026 12:00:00 AM,995000,2754-048,Residential,-122.440667,37.755271,07/08/2026 12:00:00 AM,1300000,California,Sold,07/08/2026 12:00:00 AM,"Hills, Valley",1978,94114,2,Conventional Loan
1515 Union Street,1,0,1,913,San Francisco,San Francisco,92,10/17/2026 12:00:00 AM,,0,,TRUE,1640,"Door Person, Insurance - Common Area, Insurance - Hazard , Insurance - Structure, Maintenance - Exterior, Reserves, Sewer, Water, Water/Sewer",Union House HOA,(800) 400-2284,1300000,04/17/2026 12:00:00 AM,,,07/18/2026 12:00:00 AM,0,ML82043512,04/17/2026 1:25:23 PM,1300000,0546-090,Residential,-122.42431,37.798224,07/31/2026 12:00:00 AM,1300000,California,Sold,07/31/2026 12:00:00 AM,City Lights,2020,94123,4G,All Cash No Loans
1152 Potrero Avenue,2,1,2,1315,San Francisco,San Francisco,11,11/16/2026 12:00:00 AM,1,0,,TRUE,404,"Maintenance - Exterior, Insurance - Homeowners , Roof, Sewer, , Water, Insurance, Common Area Gas, Maintenance - Common Area",1152-1152A-1152B,,959000,06/19/2026 12:00:00 AM,0.057,2486,06/30/2026 12:00:00 AM,0,SF426140381,06/19/2026 12:00:00 AM,959000,4211-041,Residential,-122.406674,37.753726,07/21/2026 12:00:00 AM,1295000,California,Sold,07/21/2026 12:00:00 AM,,1907,94110,,Other
1300 22nd Street,2,0,2,952,San Francisco,San Francisco,2,09/30/2026 12:00:00 AM,,1,,TRUE,1014,"Door Person, Insurance - Structure, Landscaping/Gardening, Maintenance - Common Area, Maintenance - Exterior, Reserves, Roof, Sewer, Water",Knox Owners Association,,1199000,07/09/2026 12:00:00 AM,,,07/11/2026 12:00:00 AM,0,ML82053636,07/09/2026 9:46:14 AM,1199000,4102-149,Residential,-122.394533,37.757864,07/31/2026 12:00:00 AM,1288000,California,Sold,07/31/2026 12:00:00 AM,,2016,94107,413,Conventional Loan
1591 Jackson Street,2,0,2,1292,San Francisco,San Francisco,106,08/07/2026 12:00:00 AM,1,1,"Other, Security Gate(s)",TRUE,1373,"Maintenance - Exterior, Landscaping/Gardening, Management Fee, Other, , Insurance - Structure, Common Area Gas, Maintenance - Common Area",Jackson Plaza Condominium Association,,1345000,03/12/2026 12:00:00 AM,0.344,14963,06/26/2026 12:00:00 AM,0,SF426110536,03/12/2026 12:00:00 AM,1345000,0597-053,Residential,-122.42109,37.793958,07/09/2026 12:00:00 AM,1283533,California,Sold,07/09/2026 12:00:00 AM,"City, Garden/Greenbelt",1986,94109,508,Other
1200 Gough Street,2,0,2,1500,San Francisco,San Francisco,6,12/31/2026 12:00:00 AM,0,1,,TRUE,1778,"Maintenance - Exterior, Landscaping/Gardening, Management Fee, Sewer, , Water, Common Area Gas, Maintenance - Common Area, Door Person",,,1195000,06/19/2026 12:00:00 AM,1.026,44676,06/25/2026 12:00:00 AM,0,SF426131831,06/19/2026 12:00:00 AM,1195000,0713-166,Residential,-122.424284,37.78494,07/28/2026 12:00:00 AM,1280000,California,Sold,07/28/2026 12:00:00 AM,,1966,94109,24A,Conventional Loan
170 King Street,2,0,2,1092,San Francisco,San Francisco,7,08/31/2026 12:00:00 AM,0,0,"Club House, Exercise Course, Gym/ Exercise Facility, Barbecue Area, Sauna",TRUE,1039,,,,1325000,06/18/2026 12:00:00 AM,0.986,42969,06/25/2026 12:00:00 AM,0,SF426139599,06/18/2026 12:00:00 AM,1325000,3794-275,Residential,-122.391468,37.778989,07/06/2026 12:00:00 AM,1275000,California,Sold,07/06/2026 12:00:00 AM,"City, Garden/Greenbelt",2007,94107,1128,Conventional Loan
800 York Street,1,1,2,1173,San Francisco,San Francisco,40,09/13/2026 12:00:00 AM,2,0,,TRUE,419,"Maintenance - Exterior, , Water, Insurance - Structure, Common Area Gas, Maintenance - Common Area",,,1295000,05/15/2026 12:00:00 AM,0.04,1735,06/24/2026 12:00:00 AM,0,SF426130971,05/15/2026 12:00:00 AM,1195000,4087-060,Residential,-122.408943,37.759131,07/15/2026 12:00:00 AM,1275000,California,Sold,07/15/2026 12:00:00 AM,,1906,94110,,Conventional Loan
321 Parnassus Avenue,1,0,2,1120,San Francisco,San Francisco,20,11/05/2026 12:00:00 AM,0,1,,TRUE,350,"Maintenance - Exterior, Insurance - Homeowners , , Insurance - Structure",321-323 Parnassus Ave.,,1299000,05/20/2026 12:00:00 AM,0.021,918,06/09/2026 12:00:00 AM,0,SF426131795,05/20/2026 12:00:00 AM,1349000,2633-015,Residential,-122.455074,37.764048,07/06/2026 12:00:00 AM,1270000,California,Sold,07/06/2026 12:00:00 AM,"Bridge(s), City, Downtown, Garden/Greenbelt",1908,94117,,Conventional Loan
100 Duboce Avenue,2,0,2,959,San Francisco,San Francisco,24,08/14/2026 12:00:00 AM,0,0,Roof Deck,TRUE,894,"Landscaping/Gardening, Management Fee, Sewer, , Insurance - Structure, Common Area Gas, Maintenance - Common Area",,,1288000,07/02/2026 12:00:00 AM,0.207,9014,07/02/2026 12:00:00 AM,0,SF426149725,07/02/2026 12:00:00 AM,1288000,3502-176,Residential,-122.422559,37.769983,07/24/2026 12:00:00 AM,1250000,California,Sold,07/24/2026 12:00:00 AM,"City, Panoramic",2022,94103,504,Conventional Loan
1201 Sutter Street,2,0,2,823,San Francisco,San Francisco,25,12/31/2026 12:00:00 AM,0,1,"Exercise Course, Barbecue Area, Roof Deck, Dog Park",TRUE,549,"Maintenance - Exterior, Landscaping/Gardening, Management Fee, Other, Roof, , Insurance - Structure, Common Area Gas, Maintenance - Common Area",1201 Sutter HOA,(415) 504-6629,1275000,06/12/2026 12:00:00 AM,0.196,8523,07/07/2026 12:00:00 AM,0,SF426138872,06/12/2026 12:00:00 AM,1275000,0691-171,Residential,-122.420268,37.787641,07/31/2026 12:00:00 AM,1250000,California,Sold,07/31/2026 12:00:00 AM,,2022,94109,408,All Cash No Loans
1860 Washington Street,1,0,2,920,San Francisco,San Francisco,18,09/30/2026 12:00:00 AM,1,1,,TRUE,762,"Landscaping/Gardening, Management Fee, Sewer, , Water, Insurance - Structure, Common Area Gas, Maintenance - Common Area",1860 Washington Street Condominium Assoc,,999000,05/21/2026 12:00:00 AM,0.161,7023,06/08/2026 12:00:00 AM,0,SF426132304,05/21/2026 12:00:00 AM,999000,0599-125,Residential,-122.423958,37.793161,07/01/2026 12:00:00 AM,1250000,California,Sold,07/01/2026 12:00:00 AM,"City, San Francisco",1983,94109,401,Conventional Loan
3390 16th Street,2,0,3,0,San Francisco,San Francisco,74,07/23/2026 12:00:00 AM,0,0,,TRUE,400,,3390-3392-3392A 16TH ST HOMEOWNERS ASSOC,,1098000,04/30/2026 12:00:00 AM,0.04,1738,07/13/2026 12:00:00 AM,0,SF426126910,04/30/2026 12:00:00 AM,1098000,3557-113,Residential,-122.428413,37.764729,07/14/2026 12:00:00 AM,1250000,California,Sold,07/14/2026 12:00:00 AM,,1906,94114,,Terms - Creative Financing
642 Clayton Street,2,0,3,1508,San Francisco,San Francisco,81,07/31/2026 12:00:00 AM,2,0,"Club House, Gym/ Exercise Facility, Pool, Recreation Room, Sauna/ Spa/ Hot Tub",TRUE,350,", Water",,,1149000,04/02/2026 12:00:00 AM,0.065,2827,06/29/2026 12:00:00 AM,0,SF426114935,04/02/2026 12:00:00 AM,1149000,1245-038,Residential,-122.448342,37.769324,07/09/2026 12:00:00 AM,1250000,California,Sold,07/09/2026 12:00:00 AM,,1904,94117,,Conventional Loan
25 Sycamore Street,1,0,2,1121,San Francisco,San Francisco,7,12/22/2026 12:00:00 AM,2,2,,TRUE,300,"Garbage, Insurance - Homeowners , Water, Common Area Electricity",23-25 Sycamore HOA,,1195000,06/11/2026 12:00:00 AM,0.034,1499,06/18/2026 12:00:00 AM,0,ML82050733,06/11/2026 4:23:16 PM,1195000,3576-165,Residential,-122.419986,37.762549,07/01/2026 12:00:00 AM,1230000,California,Sold,07/08/2026 12:00:00 AM,,1916,94110,,All Cash No Loans
50 Lansing Street,2,0,2,1065,San Francisco,San Francisco,24,12/31/2026 12:00:00 AM,0,1,"Gym/ Exercise Facility, Barbecue Area, Roof Deck",TRUE,1079,,50 Lansing Owners Association,,1195000,05/29/2026 12:00:00 AM,0.461,20082,06/22/2026 12:00:00 AM,0,SF426108136,05/29/2026 12:00:00 AM,1195000,3749-213,Residential,-122.394326,37.786146,07/08/2026 12:00:00 AM,1200000,California,Sold,07/08/2026 12:00:00 AM,,2006,94105,303,Not Reported
99 Rausch Street,2,0,2,1089,San Francisco,San Francisco,120,07/24/2026 12:00:00 AM,,1,,TRUE,1016,"Door Person, Gas, Landscaping/Gardening, Maintenance - Exterior, Management Fee, Water, Other",99 Rausch Owners Association,(800) 428-5588,1199888,02/12/2026 12:00:00 AM,,,06/12/2026 12:00:00 AM,0,ML82032849,02/12/2026 12:00:00 AM,1375000,3730-397,Residential,-122.409208,37.776392,07/09/2026 12:00:00 AM,1200000,California,Sold,07/09/2026 12:00:00 AM,,2017,94103,524,Conventional Loan
1699 Valencia Street,2,0,2,1262,San Francisco,San Francisco,16,10/31/2026 12:00:00 AM,1,0,Roof Deck,TRUE,459,,,,999000,06/02/2026 12:00:00 AM,0.28,12199,06/18/2026 12:00:00 AM,0,SF426132566,06/02/2026 12:00:00 AM,999000,6574-058,Residential,-122.419901,37.746015,07/13/2026 12:00:00 AM,1185000,California,Sold,07/13/2026 12:00:00 AM,City Lights,2006,94110,304,Conventional Loan
305 Santa Rosa Avenue,2,0,3,1612,San Francisco,San Francisco,18,10/17/2026 12:00:00 AM,1,1,Roof Deck,TRUE,828,"Sewer, , Water, Insurance, Common Area Gas, Maintenance - Common Area",305-315 Santa Rosa Ave HOA,(916) 508-4597,895000,06/04/2026 12:00:00 AM,0.172,7473,06/22/2026 12:00:00 AM,0,SF426136274,06/04/2026 12:00:00 AM,895000,3144-A055,Residential,-122.440369,37.728963,07/06/2026 12:00:00 AM,1180000,California,Sold,07/06/2026 12:00:00 AM,City,2003,94112,4,Conventional Loan
423 Waller Street,1,0,2,828,San Francisco,San Francisco,13,12/31/2026 12:00:00 AM,0,1,Security Gate(s),TRUE,569,,423 Waller Street Homeowners Association,,1199000,06/04/2026 12:00:00 AM,0.069,2982,06/17/2026 12:00:00 AM,0,SF426136364,06/04/2026 12:00:00 AM,999000,0867-049,Residential,-122.430763,37.770884,07/08/2026 12:00:00 AM,1168000,California,Sold,07/08/2026 12:00:00 AM,,1965,94117,7,Conventional Loan
219 Brannan Street,1,1,1,808,San Francisco,San Francisco,98,09/13/2026 12:00:00 AM,0,0,"Gym/ Exercise Facility, Pool",TRUE,1632,"Maintenance - Exterior, Landscaping/Gardening, Management Fee, Pools, Spa, or Tennis, Security Service, , Recreation Facility, Insurance - Structure, Common Area Gas, Maintenance - Common Area, Door Person",Brannan Owners Association,,1200000,04/03/2026 12:00:00 AM,1.905,82966,07/10/2026 12:00:00 AM,0,SF426117825,04/03/2026 12:00:00 AM,1200000,3789-625,Residential,-122.390364,37.782627,07/24/2026 12:00:00 AM,1160000,California,Sold,07/24/2026 12:00:00 AM,"City, Bay Bridge, Other, San Francisco, City Lights, Downtown",2000,94107,15A,All Cash No Loans
2 Mint Plaza,2,0,2,2018,San Francisco,San Francisco,58,12/31/2026 12:00:00 AM,0,0,"Gym/ Exercise Facility, Other, Barbecue Area, Roof Deck",TRUE,2342,,Mint Collection-410-418 Jessie Street Co,,1195000,05/27/2026 12:00:00 AM,0.179,7776,07/24/2026 12:00:00 AM,0,SF426130833,05/27/2026 12:00:00 AM,1195000,3704-090,Residential,-122.407659,37.783199,07/29/2026 12:00:00 AM,1150000,California,Sold,07/29/2026 12:00:00 AM,,1926,94103,602,Conventional Loan
181 Fremont Street,1,0,1,666,San Francisco,San Francisco,63,09/30/2026 12:00:00 AM,0,0,"Club House, Gym/ Exercise Facility, Recreation Room, Roof Deck",TRUE,3672,"Maintenance - Exterior, Gas, Management Fee, Organized Activities, Roof, Security Service, Sewer, , Water, Maintenance - Road, Common Area Gas, Maintenance - Common Area",181 Fremont Association,,1185000,04/29/2026 12:00:00 AM,0.352,15312,07/01/2026 12:00:00 AM,0,SF426115108,04/29/2026 12:00:00 AM,1185000,3719-460,Residential,-122.395453,37.789653,07/10/2026 12:00:00 AM,1150000,California,Sold,07/10/2026 12:00:00 AM,"City, Other, San Francisco, Twin Peaks, City Lights",2018,94105,54J,Conventional Loan
420 Mission Bay Boulevard,1,0,1,945,San Francisco,San Francisco,22,08/31/2026 12:00:00 AM,0,0,"Club House, Garden/ Greenbelt/ Trails, Gym/ Exercise Facility, Barbecue Area, Pool, Recreation Room, Sauna, Sauna/ Spa/ Hot Tub",TRUE,1260,,,,1098000,05/29/2026 12:00:00 AM,2.821,122891,06/20/2026 12:00:00 AM,0,SF426131537,05/29/2026 12:00:00 AM,1098000,8720-208,Residential,-122.38825,37.77126,07/06/2026 12:00:00 AM,1125000,California,Sold,07/06/2026 12:00:00 AM,Garden/Greenbelt,2012,94158,406,All Cash No Loans
318 Main Street,1,1,1,883,San Francisco,San Francisco,129,08/13/2026 12:00:00 AM,0,0,,TRUE,1360,,LUMINA Owners Association,,1125000,02/20/2026 12:00:00 AM,1.731,75406,07/06/2026 12:00:00 AM,0,SF426105135,02/20/2026 12:00:00 AM,1175000,3746-074,Residential,-122.391887,37.788981,07/31/2026 12:00:00 AM,1125000,California,Sold,07/31/2026 12:00:00 AM,,2015,94105,8C,All Cash No Loans
199 New Montgomery ,2,0,2,971,San Francisco,San Francisco,0,08/31/2026 12:00:00 AM,,1,,TRUE,995,"Insurance, Management Fee, Security Service, Water",other,,1120000,07/08/2026 12:00:00 AM,,,07/08/2026 12:00:00 AM,0,ML82053430,07/08/2026 1:45:45 AM,1120000,3722235,Residential,-122.399099,37.786606,07/08/2026 12:00:00 AM,1120000,California,Sold,07/08/2026 1:45:45 AM,,2004,94105,1501,Conventional Loan
1624 Filbert Street,1,0,1,931,San Francisco,San Francisco,15,11/03/2026 12:00:00 AM,0,1,Barbecue Area,TRUE,700,"Insurance - Homeowners , Other,",Self Managed,,888000,07/02/2026 12:00:00 AM,0.057,2500,07/17/2026 12:00:00 AM,0,SF426143694,07/02/2026 12:00:00 AM,888000,0521-038,Residential,-122.426375,37.799422,07/24/2026 12:00:00 AM,1100000,California,Sold,07/24/2026 12:00:00 AM,Hills,1925,94123,3,All Cash No Loans
110 Channel Street,2,0,1,887,San Francisco,San Francisco,0,10/31/2026 12:00:00 AM,0,0,"Gym/ Exercise Facility, Barbecue Area, Pool, Recreation Room, Sauna, Sauna/ Spa/ Hot Tub",TRUE,915,"Maintenance - Exterior, Gas, Landscaping/Gardening, Management Fee, Pools, Spa, or Tennis, Sewer, , Common Area Gas, Maintenance - Common Area",Action Life,,1098000,06/30/2026 12:00:00 AM,1.143,49773,06/30/2026 12:00:00 AM,0,SF426142500,06/30/2026 12:00:00 AM,1098000,8715-259,Residential,-122.391012,37.774619,07/17/2026 12:00:00 AM,1100000,California,Sold,07/17/2026 12:00:00 AM,Garden/Greenbelt,2017,94158,327,Conventional Loan
2315 Van Ness Avenue,1,1,2,980,San Francisco,San Francisco,62,07/22/2026 12:00:00 AM,0,0,,TRUE,792,,,,995000,05/14/2026 12:00:00 AM,0.073,3179,07/15/2026 12:00:00 AM,0,SF426130236,05/14/2026 12:00:00 AM,995000,0551-037,Residential,-122.42407,37.797042,07/20/2026 12:00:00 AM,1100000,California,Sold,07/20/2026 12:00:00 AM,,2003,94109,1,Conventional Loan
1240 Washington Street,1,0,2,1157,San Francisco,San Francisco,101,06/30/2026 12:00:00 AM,0,0,"Roof Deck, Security Gate(s)",TRUE,1327,"Maintenance - Exterior, Heating, Management Fee, Security Service, , Water, Insurance - Structure, Common Area Gas, Maintenance - Common Area",1234-1254 Washington St Homeowners Assco,,1155000,03/16/2026 12:00:00 AM,0.133,5813,06/25/2026 12:00:00 AM,0,SF426108849,03/16/2026 12:00:00 AM,1155000,0189-027,Residential,-122.413798,37.794381,07/13/2026 12:00:00 AM,1080000,California,Sold,07/13/2026 12:00:00 AM,"Bay, City, Bay Bridge, Ocean, Panoramic, San Francisco, Downtown",1913,94108,,Conventional Loan
2051 10th Avenue,1,0,2,1097,San Francisco,San Francisco,35,12/31/2026 12:00:00 AM,1,1,Workshop Area,TRUE,300,"Maintenance - Exterior, Roof, Insurance - Structure",2051-2053 10th Ave. HOA,,1100000,05/15/2026 12:00:00 AM,0.083,3600,06/27/2026 12:00:00 AM,0,SF426126486,05/15/2026 12:00:00 AM,1100000,2130-A024,Residential,-122.466728,37.749953,07/06/2026 12:00:00 AM,1050000,California,Sold,07/06/2026 12:00:00 AM,"Bay, City, Other, Panoramic, San Francisco, Forest/Woods",1947,94116,,Conventional Loan
425 1st Street,1,0,1,819,San Francisco,San Francisco,39,08/31/2026 12:00:00 AM,0,0,,TRUE,1557,,One Rincon Hill Assoc,,1135000,05/07/2026 12:00:00 AM,1.286,56024,07/16/2026 12:00:00 AM,0,SF426125463,05/07/2026 12:00:00 AM,1135000,3765-107,Residential,-122.392037,37.786026,07/21/2026 12:00:00 AM,1050000,California,Sold,07/21/2026 12:00:00 AM,,2008,94105,1607,Conventional Loan
401 Harrison Street,1,0,1,758,San Francisco,San Francisco,12,07/31/2026 12:00:00 AM,0,0,"Club House, Gym/ Exercise Facility, Barbecue Area, Pool, Sauna/ Spa/ Hot Tub",TRUE,1750,"Maintenance - Exterior, Gas, Landscaping/Gardening, Management Fee, Pools, Spa, or Tennis, Sewer, , Water, Recreation Facility, Common Area Gas, Maintenance - Common Area, Door Person",One Rincon Hill Tower II HOA,,1040000,06/11/2026 12:00:00 AM,1.286,56023,06/23/2026 12:00:00 AM,0,SF426131666,06/11/2026 12:00:00 AM,1040000,3765-527,Residential,-122.392225,37.78651,07/14/2026 12:00:00 AM,1040000,California,Sold,07/14/2026 12:00:00 AM,"Bay, Hills, Mt. Tamalpais, Panoramic, Twin Peaks, Downtown",2014,94105,18G,Conventional Loan
3535 Wawona Street,2,0,2,1168,San Francisco,San Francisco,64,07/15/2026 12:00:00 AM,0,0,,TRUE,771,,,,1075000,04/10/2026 12:00:00 AM,0.775,33763,06/13/2026 12:00:00 AM,0,SF426112236,04/10/2026 12:00:00 AM,1250000,2515-040,Residential,-122.504578,37.736024,07/02/2026 12:00:00 AM,1024000,California,Sold,07/02/2026 12:00:00 AM,,2020,94116,414,Conventional Loan
260 King Street,2,0,2,996,San Francisco,San Francisco,5,12/31/2026 12:00:00 AM,0,0,"Club House, Gym/ Exercise Facility, Pool, Dog Park, Sauna, Sauna/ Spa/ Hot Tub",TRUE,1094,,The Beacon Homeowners Association,,899000,06/26/2026 12:00:00 AM,4.895,213232,07/01/2026 12:00:00 AM,0,SF426142685,06/26/2026 12:00:00 AM,899000,8702-579,Residential,-122.393751,37.777712,07/22/2026 12:00:00 AM,1020000,California,Sold,07/22/2026 12:00:00 AM,City,2004,94107,679,Not Reported
170 King Street,2,0,2,900,San Francisco,San Francisco,7,09/01/2026 12:00:00 AM,0,1,"Gym/ Exercise Facility, Other, Barbecue Area, Pool, Recreation Room, Roof Deck",TRUE,1015,"Maintenance - Exterior, Landscaping/Gardening, Management Fee, Other, Pools, Spa, or Tennis, Roof, Sewer, , Recreation Facility, Insurance - Structure, Common Area Gas, Maintenance - Common Area",,,880000,06/11/2026 12:00:00 AM,0.986,42969,06/18/2026 12:00:00 AM,0,SF426138337,06/11/2026 12:00:00 AM,880000,3794-184,Residential,-122.391468,37.778989,07/01/2026 12:00:00 AM,1015000,California,Sold,07/01/2026 12:00:00 AM,"Bay, City, Other",2007,94010,711,All Cash No Loans
401 Harrison Street,1,0,1,840,San Francisco,San Francisco,82,07/21/2026 12:00:00 AM,0,0,"Club House, Gym/ Exercise Facility, Pool, Recreation Room",TRUE,1844,,Harrison HOA,,995000,03/27/2026 12:00:00 AM,,0,06/17/2026 12:00:00 AM,0,SF426099624,03/27/2026 12:00:00 AM,995000,3765-490,Residential,-122.392225,37.78651,07/06/2026 12:00:00 AM,1015000,California,Sold,07/06/2026 12:00:00 AM,"Bay, Hills, City, Other, San Francisco, Twin Peaks, Water, City Lights, Downtown",2014,94105,14A,All Cash No Loans
177 Anderson Street,1,0,2,780,San Francisco,San Francisco,20,09/09/2026 12:00:00 AM,0,0,,TRUE,86,,177-179 Anderson Street Condominium Asso,,895000,06/09/2026 12:00:00 AM,0.04,1750,06/29/2026 12:00:00 AM,0,SF426138069,06/09/2026 12:00:00 AM,895000,5649-032,Residential,-122.414973,37.740524,07/10/2026 12:00:00 AM,1010000,California,Sold,07/10/2026 12:00:00 AM,,1909,94110,,Conventional Loan
1046 14th Street,1,0,2,825,San Francisco,San Francisco,11,10/31/2026 12:00:00 AM,1,0,,TRUE,475,"Maintenance - Exterior, Landscaping/Gardening, Other, Sewer, , Water, Insurance - Structure, Common Area Gas, Maintenance - Common Area",1046 14th Street,,795000,06/05/2026 12:00:00 AM,0.067,2928,06/16/2026 12:00:00 AM,0,SF426137033,06/05/2026 12:00:00 AM,795000,2610-062,Residential,-122.436938,37.767438,07/10/2026 12:00:00 AM,1000000,California,Sold,07/10/2026 12:00:00 AM,,1907,94114,A,Conventional Loan
2 Fallon Place,1,0,2,825,San Francisco,San Francisco,36,09/30/2026 12:00:00 AM,0,2,Tennis Court(s),TRUE,1143,"Maintenance - Exterior, Landscaping/Gardening, Management Fee, Sewer, , Water, Insurance - Structure, Common Area Gas, Maintenance - Common Area",Landmark Condominiums HOA,,995000,05/06/2026 12:00:00 AM,0.503,21923,06/11/2026 12:00:00 AM,0,SF426128071,05/06/2026 12:00:00 AM,995000,0149-092,Residential,-122.413287,37.797836,07/23/2026 12:00:00 AM,985000,California,Sold,07/23/2026 12:00:00 AM,"Bay, Bridge(s), Hills, City, Bay Bridge, San Francisco, City Lights, Downtown",1980,94133,59,Conventional Loan
77 Grand View Avenue,2,0,2,1100,San Francisco,San Francisco,72,07/08/2026 12:00:00 AM,1,0,,TRUE,1091,", Water",77 Grand View Ave Condominium Owner's As,(415) 433-5111,1000000,04/08/2026 12:00:00 AM,,0,06/19/2026 12:00:00 AM,0,SF426119320,04/08/2026 12:00:00 AM,1200000,2748-035,Residential,-122.440239,37.756822,07/22/2026 12:00:00 AM,980000,California,Sold,07/22/2026 12:00:00 AM,"City, Downtown",1977,94114,301,All Cash No Loans
784 Andover Street,2,0,2,1045,San Francisco,San Francisco,18,08/31/2026 12:00:00 AM,1,1,None,TRUE,200,"Insurance - Homeowners , Insurance - Structure, Common Area Gas, Maintenance - Common Area",,,899000,06/18/2026 12:00:00 AM,0.047,2029,07/06/2026 12:00:00 AM,0,SF426140731,06/18/2026 12:00:00 AM,899000,5825-034,Residential,-122.41715,37.733273,07/24/2026 12:00:00 AM,967000,California,Sold,07/24/2026 12:00:00 AM,,2016,94110,,Conventional Loan
1160 Mission Street,2,0,2,1201,San Francisco,San Francisco,22,05/05/2027 12:00:00 AM,0,0,"Club House, Gym/ Exercise Facility, Barbecue Area, Sauna/ Spa/ Hot Tub",TRUE,1339,"Maintenance - Exterior, Landscaping/Gardening, Management Fee, Organized Activities, Roof, Security Service, , Water, Insurance - Structure, Common Area Gas, Maintenance - Common Area, Door Person",SOMA Grand Residences Homeowners Assoc,(415) 863-4894,899000,06/18/2026 12:00:00 AM,1,43557,07/10/2026 12:00:00 AM,0,SF426138055,06/18/2026 12:00:00 AM,899000,NC05-844,Residential,-122.412221,37.778375,07/30/2026 12:00:00 AM,963500,California,Sold,07/30/2026 12:00:00 AM,,2008,94103,1708,Conventional Loan
4132 3rd Street,2,0,2,1314,San Francisco,San Francisco,8,11/30/2026 12:00:00 AM,0,1,,TRUE,500,"Sewer, , Water, Insurance - Structure",4132 Third Street HOA,,820000,07/07/2026 12:00:00 AM,0.125,5425,07/15/2026 12:00:00 AM,0,SF426142232,07/07/2026 12:00:00 AM,820000,5260-045,Residential,-122.389134,37.73987,07/20/2026 12:00:00 AM,963000,California,Sold,07/20/2026 12:00:00 AM,"Hills, Other",2015,94124,5,All Cash No Loans
355 Buena Vista Avenue,1,0,1,830,San Francisco,San Francisco,32,09/01/2026 12:00:00 AM,0,0,,TRUE,976,,Park Hill HOA,,870000,06/04/2026 12:00:00 AM,2.086,90869,07/06/2026 12:00:00 AM,0,SF426136626,06/04/2026 12:00:00 AM,870000,2607-164,Residential,-122.440044,37.767578,07/06/2026 12:00:00 AM,962000,California,Sold,07/06/2026 12:00:00 AM,"Bay, City, San Francisco, Downtown",1986,94117,406W,Not Reported
1335 Filbert Street,1,0,2,990,San Francisco,San Francisco,20,10/31/2026 12:00:00 AM,0,0,"Garden/ Greenbelt/ Trails, Other, Barbecue Area",TRUE,810,"Management Fee, , Water, Insurance - Structure, Common Area Gas, Maintenance - Common Area",,,998000,05/28/2026 12:00:00 AM,0.18,7832,06/17/2026 12:00:00 AM,0,SF426129428,05/28/2026 12:00:00 AM,998000,0525-064,Residential,-122.421559,37.799603,07/08/2026 12:00:00 AM,950000,California,Sold,07/08/2026 12:00:00 AM,"Bay, Golden Gate Bridge, City, Other, San Francisco",1924,94109,303,Conventional Loan
323 Lincoln Way ,1,0,2,1538,San Francisco,San Francisco,43,,1,2,Other,TRUE,500,Other,NONE,(000) 000-0000,950000,04/22/2026 12:00:00 AM,0.06,2374,06/04/2026 12:00:00 AM,0,EB41131870,,1150000,1746-022,Residential,-122.461541,37.766004,07/17/2026 12:00:00 AM,950000,California,Sold,07/17/2026 12:00:00 AM,Greenbelt,1931,94122,,Other
1820 Vallejo Street,1,0,1,758,San Francisco,San Francisco,46,12/31/2026 12:00:00 AM,1,1,,TRUE,550,Management Fee,,,949000,05/22/2026 12:00:00 AM,,0,07/07/2026 12:00:00 AM,0,SF426133329,05/22/2026 12:00:00 AM,949000,553036,Residential,-122.427717,37.796423,07/24/2026 12:00:00 AM,949000,California,Sold,07/24/2026 12:00:00 AM,,1965,94123,202,Loan -  Adjustable Rate Mortgage
785 Golden Gate Avenue,2,0,2,975,San Francisco,San Francisco,14,09/30/2026 12:00:00 AM,1,1,None,TRUE,896,"Maintenance - Exterior, Landscaping/Gardening, Roof, Security Service, Sewer, , Water, Insurance, Insurance - Structure, Common Area Gas, Maintenance - Common Area",En Ville Condominium Homeowner's Associa,(415) 401-2091,899000,06/11/2026 12:00:00 AM,0.158,6900,06/25/2026 12:00:00 AM,0,SF426138212,06/11/2026 12:00:00 AM,899000,0768-031,Residential,-122.423494,37.780395,07/17/2026 12:00:00 AM,939000,California,Sold,07/17/2026 12:00:00 AM,City,1985,94102,401,Conventional Loan
2875 21st Street,1,1,1,1090,San Francisco,San Francisco,14,06/30/2027 12:00:00 AM,1,0,Roof Deck,TRUE,551,"Maintenance - Exterior, Landscaping/Gardening, Management Fee, Sewer, , Water, Insurance - Structure, Common Area Gas, Maintenance - Common Area",2875 21st St HOA,,949000,06/26/2026 12:00:00 AM,0.215,9364,07/10/2026 12:00:00 AM,0,SF426136044,06/26/2026 12:00:00 AM,949000,4147-065,Residential,-122.411875,37.757387,07/17/2026 12:00:00 AM,925000,California,Sold,07/17/2026 12:00:00 AM,"Hills, San Francisco, Garden/Greenbelt",1999,94110,16,Not Reported
360 Guerrero Street,1,0,2,922,San Francisco,San Francisco,11,10/31/2026 12:00:00 AM,,1,,TRUE,922,"Garbage, Insurance - Common Area, Maintenance - Common Area, Management Fee, Water",Dolores Plaza Condominium Association,,875000,06/05/2026 12:00:00 AM,,,06/16/2026 12:00:00 AM,0,ML82049905,06/05/2026 12:25:59 AM,875000,3556-176,Residential,-122.424712,37.765476,07/02/2026 12:00:00 AM,925000,California,Sold,07/05/2026 12:00:00 AM,,1983,94103,305,All Cash No Loans
3620 Cesar Chavez Street,2,0,2,1038,San Francisco,San Francisco,62,04/08/2027 12:00:00 AM,0,0,"Barbecue Area, Roof Deck",TRUE,768,", Common Area Gas, Maintenance - Common Area",,,850000,04/10/2026 12:00:00 AM,0.149,6493,06/11/2026 12:00:00 AM,0,SF426120174,04/10/2026 12:00:00 AM,1080000,6568-051,Residential,-122.421903,37.748343,07/06/2026 12:00:00 AM,925000,California,Sold,07/06/2026 12:00:00 AM,"City, San Francisco",2020,94110,303,Conventional Loan
286 Parnassus Avenue ,1,0,1,665,San Francisco,San Francisco,22,,1,0,Other,TRUE,284,"Maintenance - Exterior, Reserves, Maintenance - Common Area",NONE,(415) 513-2222,888000,06/08/2026 12:00:00 AM,0.057,2499,06/30/2026 12:00:00 AM,0,CC41137581,,888000,1274-058,Residential,-122.453997,37.764562,07/14/2026 12:00:00 AM,914000,California,Sold,07/14/2026 12:00:00 AM,"Golden Gate Bridge, Downtown",1916,94117,,Conventional Loan
88 King Street,1,0,1,934,San Francisco,San Francisco,28,06/30/2027 12:00:00 AM,0,0,"Club House, Garden/ Greenbelt/ Trails, Gym/ Exercise Facility, Barbecue Area, Pool, Recreation Room, Sauna/ Spa/ Hot Tub",TRUE,1442,"Maintenance - Exterior, Insurance - Homeowners , Landscaping/Gardening, Management Fee, Other, Pools, Spa, or Tennis, Security Service, Sewer, , Water, Recreation Facility, Insurance - Structure, Common Area Gas, Maintenance - Common Area, Door Person",OES Association,,929000,06/19/2026 12:00:00 AM,1.886,82157,07/17/2026 12:00:00 AM,0,SF426139078,06/19/2026 12:00:00 AM,929000,3793-077,Residential,-122.389247,37.780588,07/22/2026 12:00:00 AM,900000,California,Sold,07/22/2026 12:00:00 AM,"Marina, San Francisco, Garden/Greenbelt",2000,94107,422,Not Reported
445 Arguello Boulevard,1,0,2,688,San Francisco,San Francisco,15,08/29/2026 12:00:00 AM,0,1,,TRUE,636,"Maintenance - Exterior, Landscaping/Gardening, Management Fee, Roof, Sewer, , Water, Insurance - Structure, Common Area Gas, Maintenance - Common Area",,,799000,06/11/2026 12:00:00 AM,0.14,6088,06/26/2026 12:00:00 AM,0,SF426137131,06/11/2026 12:00:00 AM,799000,1433-055,Residential,-122.459307,37.782324,07/10/2026 12:00:00 AM,900000,California,Sold,07/10/2026 12:00:00 AM,,1998,94118,8,All Cash No Loans
471 23rd Avenue,1,0,2,722,San Francisco,San Francisco,34,03/01/2027 12:00:00 AM,1,1,,TRUE,442,", Water, Insurance - Structure, Common Area Gas, Maintenance - Common Area",471 23rd ave,(415) 717-0279,928000,04/01/2026 12:00:00 AM,0.069,3020,05/05/2026 12:00:00 AM,0,SF426115328,04/01/2026 12:00:00 AM,899000,0391-521,Residential,-122.482802,37.778814,07/17/2026 12:00:00 AM,900000,California,Sold,07/17/2026 12:00:00 AM,,1964,94121,1,Conventional Loan
401 Harrison Street,1,0,1,707,San Francisco,San Francisco,7,07/31/2026 12:00:00 AM,0,0,,TRUE,1625,,Action Life Property Mgmt,,888000,06/11/2026 12:00:00 AM,1.286,56023,06/18/2026 12:00:00 AM,0,SF426121583,06/11/2026 12:00:00 AM,888000,3765-462,Residential,-122.392225,37.78651,07/20/2026 12:00:00 AM,888888,California,Sold,07/20/2026 12:00:00 AM,,2014,94105,10E,Conventional Loan
1001 Pine Street,1,0,2,815,San Francisco,San Francisco,55,04/07/2027 12:00:00 AM,0,1,"Roof Deck, Security Gate(s)",TRUE,808,"Maintenance - Exterior, Landscaping/Gardening, Management Fee, Roof, Security Service, Sewer, , Insurance - Structure, Door Person",Pine Terrace,,895000,05/16/2026 12:00:00 AM,0.434,18906,07/10/2026 12:00:00 AM,0,SF426131012,05/16/2026 12:00:00 AM,895000,0275-A042,Residential,-122.412568,37.790348,07/15/2026 12:00:00 AM,885000,California,Sold,07/15/2026 12:00:00 AM,"City Lights, Downtown",1963,94109,502,VA Loan
601 4th Street,1,0,1,1091,San Francisco,San Francisco,8,12/31/2026 12:00:00 AM,0,1,Roof Deck,TRUE,805,,,,760000,06/18/2026 12:00:00 AM,0.968,42148,06/26/2026 12:00:00 AM,0,SF426139646,06/18/2026 12:00:00 AM,760000,3787-103,Residential,-122.395992,37.778366,07/20/2026 12:00:00 AM,880000,California,Sold,07/20/2026 12:00:00 AM,,1916,94107,225,Not Reported
16 Jessie Street,1,0,1,944,San Francisco,San Francisco,68,07/20/2026 12:00:00 AM,0,0,"Barbecue Area, Roof Deck",TRUE,944,"Maintenance - Exterior, Management Fee, Other, Security Service, , Water, Common Area Gas, Maintenance - Common Area",One Ecker Owners Association,,879000,04/29/2026 12:00:00 AM,0.372,16205,07/06/2026 12:00:00 AM,0,SF426123175,04/29/2026 12:00:00 AM,879000,3708-156,Residential,-122.398947,37.789924,07/15/2026 12:00:00 AM,880000,California,Sold,07/15/2026 12:00:00 AM,,1906,94105,309,Conventional Loan
601 Van Ness Avenue,2,0,3,1175,San Francisco,San Francisco,9,10/31/2026 12:00:00 AM,,0,"Basketball Court - Indoor Half, Elevator(s), Gym/ Exercise Facility",TRUE,1550,"Common Area Electricity, Garbage, Insurance - Earthquake, Management Fee, Water/Sewer",Opera Plaza,,865000,06/30/2026 12:00:00 AM,,,07/09/2026 12:00:00 AM,0,ML82052548,06/30/2026 12:00:00 AM,865000,0762-069,Residential,-122.421406,37.781386,07/24/2026 12:00:00 AM,875000,California,Sold,07/24/2026 12:00:00 AM,,1982,94102,69,Conventional Loan
360 Guerrero Street,1,0,2,960,San Francisco,San Francisco,24,10/28/2026 12:00:00 AM,0,1,"Club House, Garden/ Greenbelt/ Trails, Gym/ Exercise Facility, Other, Sauna",TRUE,938,"Maintenance - Exterior, Landscaping/Gardening, Management Fee, Sewer, , Water, Insurance - Structure, Common Area Gas, Maintenance - Common Area, Insurance - Earthquake",Dolores Plaza Condominium Association,,789000,06/14/2026 12:00:00 AM,1.04,45288,07/08/2026 12:00:00 AM,0,SF426139462,06/14/2026 12:00:00 AM,789000,3556-184,Residential,-122.424436,37.765463,07/30/2026 12:00:00 AM,875000,California,Sold,07/30/2026 12:00:00 AM,"City Lights, Downtown",1983,94103,312,Other
1370 Natoma ,2,0,3,1009,San Francisco,San Francisco,27,08/14/2026 12:00:00 AM,,0,,TRUE,350,Other,1370 Natoma managed by Homworks,,850000,05/08/2026 12:00:00 AM,,3497,06/04/2026 12:00:00 AM,0,ML82046433,05/08/2026 12:33:53 PM,999998,3548-071,Residential,-122.418628,37.767265,07/04/2026 12:00:00 AM,865000,California,Sold,07/06/2026 12:00:00 AM,,1906,94103,,Conventional Loan
2101 Bryant Street,1,0,1,817,San Francisco,San Francisco,20,08/05/2026 12:00:00 AM,0,1,Barbecue Area,TRUE,807,"Maintenance - Exterior, Landscaping/Gardening, Sewer, , Water, Insurance - Structure",Union HOA,,698000,06/05/2026 12:00:00 AM,1.081,47098,06/25/2026 12:00:00 AM,0,SF426135052,06/05/2026 12:00:00 AM,698000,4080-120,Residential,-122.409767,37.760214,07/29/2026 12:00:00 AM,855000,California,Sold,07/29/2026 12:00:00 AM,,1919,94110,101,Conventional Loan
1800 Bryant Street,2,0,1,976,San Francisco,San Francisco,14,10/28/2026 12:00:00 AM,0,1,,TRUE,637,,,,850000,05/28/2026 12:00:00 AM,0.344,14972,06/11/2026 12:00:00 AM,0,SF426134537,05/28/2026 12:00:00 AM,850000,3970-041,Residential,-122.410859,37.764099,07/06/2026 12:00:00 AM,850000,California,Sold,07/06/2026 12:00:00 AM,,2000,94110,216,Conventional Loan
2090 Great Highway ,1,0,1,0,San Francisco,San Francisco,11,12/31/2026 12:00:00 AM,0,1,Roof Deck,TRUE,865,"Landscaping/Gardening, Management Fee, Roof, Sewer, , Water, Insurance - Structure, Common Area Gas, Maintenance - Common Area, Insurance - Earthquake",2090 Great Hwy Association,,725000,06/19/2026 12:00:00 AM,0.189,8226,06/30/2026 12:00:00 AM,0,SF426137727,06/19/2026 12:00:00 AM,725000,2168-024,Residential,-122.507601,37.747414,07/10/2026 12:00:00 AM,835000,California,Sold,07/10/2026 12:00:00 AM,"Hills, City, Mountains, Ocean, Panoramic, City Lights",1963,94116,103,All Cash No Loans
855 La Playa Street,2,0,2,1201,San Francisco,San Francisco,144,10/31/2026 12:00:00 AM,1,2,"Garden/ Greenbelt/ Trails, Gym/ Exercise Facility, Barbecue Area",TRUE,1274,"Maintenance - Exterior, Landscaping/Gardening, Management Fee, , Water, Insurance, Common Area Gas, Maintenance - Common Area",Ocean Beach HOA,,875000,01/30/2026 12:00:00 AM,,0,06/23/2026 12:00:00 AM,0,SF425091474,01/30/2026 12:00:00 AM,899000,1692-101,Residential,-122.510391,37.772189,07/14/2026 12:00:00 AM,835000,California,Sold,07/14/2026 12:00:00 AM,"Ocean, Park, Garden/Greenbelt",1982,94121,457,All Cash No Loans
655 5th Street,2,0,1,995,San Francisco,San Francisco,0,09/30/2026 12:00:00 AM,1,2,,TRUE,717,"Maintenance - Exterior, Management Fee, Sewer, , Water, Insurance - Structure, Common Area Gas, Maintenance - Common Area",655 5th Street Owners Association,,825000,06/27/2026 12:00:00 AM,0.253,11007,06/27/2026 12:00:00 AM,0,SF426136749,06/27/2026 12:00:00 AM,825000,3786-096,Residential,-122.397699,37.776072,07/27/2026 12:00:00 AM,815000,California,Sold,07/27/2026 12:00:00 AM,,1999,94107,14,Conventional Loan
700 Illinois Street,2,0,1,723,San Francisco,San Francisco,25,09/30/2026 12:00:00 AM,0,0,,TRUE,1114,,,,800000,06/04/2026 12:00:00 AM,0.209,9081,06/29/2026 12:00:00 AM,0,SF426125777,06/04/2026 12:00:00 AM,800000,4045-010,Residential,-122.387966,37.762956,07/03/2026 12:00:00 AM,810000,California,Sold,07/03/2026 12:00:00 AM,,2002,94107,3,Conventional Loan
101 Lombard Street,1,0,1,969,San Francisco,San Francisco,8,11/30/2026 12:00:00 AM,0,0,"Club House, Pool, Car Wash Area",TRUE,1388,"Maintenance - Exterior, Cable/Dish, Insurance - Homeowners , Landscaping/Gardening, Management Fee, Pools, Spa, or Tennis, Sewer, , Water, Common Area Gas, Maintenance - Common Area, Door Person",101 Lombard Street Condominium Associati,,749000,06/26/2026 12:00:00 AM,2.604,113438,07/04/2026 12:00:00 AM,0,SF426138059,06/26/2026 12:00:00 AM,749000,0080-059,Residential,-122.404087,37.803828,07/24/2026 12:00:00 AM,800000,California,Sold,07/24/2026 12:00:00 AM,Garden/Greenbelt,1983,94111,214W,All Cash No Loans
199 New Montgomery Street,1,0,1,794,San Francisco,San Francisco,33,08/31/2026 12:00:00 AM,0,0,,TRUE,886,"Landscaping/Gardening, Security Service, , Water, Common Area Gas, Maintenance - Common Area, Door Person",199 New Montgomery Owners Association,,789000,06/05/2026 12:00:00 AM,0.295,12848,07/08/2026 12:00:00 AM,0,SF426134825,06/05/2026 12:00:00 AM,789000,3722-228,Residential,-122.398683,37.786602,07/14/2026 12:00:00 AM,800000,California,Sold,07/14/2026 12:00:00 AM,"City, City Lights, Downtown",2004,94105,1405,Not Reported
750 Van Ness Avenue,2,0,2,1091,San Francisco,San Francisco,21,05/21/2027 12:00:00 AM,0,1,"Garden/ Greenbelt/ Trails, Barbecue Area, Roof Deck",TRUE,1092,"Maintenance - Exterior, Landscaping/Gardening, Management Fee, Roof, Insurance - Structure, Common Area Gas, Maintenance - Common Area",Symphony Towers Owners Association,,829000,05/28/2026 12:00:00 AM,0.358,15582,06/18/2026 12:00:00 AM,0,SF426133392,05/28/2026 12:00:00 AM,829000,0742-076,Residential,-122.420329,37.782439,07/09/2026 12:00:00 AM,800000,California,Sold,07/09/2026 12:00:00 AM,,2008,94102,805,All Cash No Loans
200 Townsend Street,2,0,1,840,San Francisco,San Francisco,137,08/04/2026 12:00:00 AM,1,0,,TRUE,870,,,,799000,03/03/2026 12:00:00 AM,0.362,15768,07/18/2026 12:00:00 AM,0,SF426102574,03/03/2026 12:00:00 AM,825000,3787-195,Residential,-122.393108,37.778783,07/21/2026 12:00:00 AM,790000,California,Sold,07/21/2026 12:00:00 AM,,2003,94107,28,Conventional Loan
425 1st Street,1,0,1,605,San Francisco,San Francisco,25,12/31/2026 12:00:00 AM,0,0,"Club House, Gym/ Exercise Facility, Barbecue Area, Pool, Recreation Room, Sauna/ Spa/ Hot Tub",TRUE,1497,"Maintenance - Exterior, Landscaping/Gardening, Management Fee, Pools, Spa, or Tennis, Roof, Security Service, Sewer, , Water, Recreation Facility, Maintenance - Road, Common Area Gas, Maintenance - Common Area",Rincon Hill Tower Association,,815000,06/11/2026 12:00:00 AM,1.286,56024,07/06/2026 12:00:00 AM,0,SF426128443,06/11/2026 12:00:00 AM,815000,3765-308,Residential,-122.392037,37.786026,07/16/2026 12:00:00 AM,788000,California,Sold,07/16/2026 12:00:00 AM,"City, Other, San Francisco, Twin Peaks, City Lights",2008,94105,4304,Conventional Loan
1800 Bryant Street,2,0,1,0,San Francisco,San Francisco,84,07/03/2026 12:00:00 AM,0,1,,TRUE,621,,,,775000,03/27/2026 12:00:00 AM,0.344,14972,06/19/2026 12:00:00 AM,0,SF426116052,03/27/2026 12:00:00 AM,775000,3970-014,Residential,-122.410859,37.764099,07/16/2026 12:00:00 AM,787000,California,Sold,07/16/2026 12:00:00 AM,,2000,94110,105,Other
619 Shotwell Street,1,0,2,690,San Francisco,San Francisco,13,08/31/2026 12:00:00 AM,0,0,Security Gate(s),TRUE,360,"Maintenance - Exterior, , Water, Insurance - Structure, Common Area Gas, Maintenance - Common Area",619 Shotwell HOA,(415) 205-0928,695000,05/29/2026 12:00:00 AM,0.084,3675,06/11/2026 12:00:00 AM,0,SF426132863,05/29/2026 12:00:00 AM,695000,3611-107,Residential,-122.415513,37.758466,07/06/2026 12:00:00 AM,777000,California,Sold,07/06/2026 12:00:00 AM,,1963,94110,3,Conventional Loan
165 Russ Street,1,0,1,867,San Francisco,San Francisco,10,09/05/2026 12:00:00 AM,1,0,,TRUE,275,"Management Fee, Sewer, , Water",159-165 Russ HOA,,749000,07/07/2026 12:00:00 AM,0.069,3000,07/17/2026 12:00:00 AM,0,SF426143684,07/07/2026 12:00:00 AM,749000,3731-153,Residential,-122.40711,37.778277,07/30/2026 12:00:00 AM,774000,California,Sold,07/30/2026 12:00:00 AM,"Hills, Other, San Francisco, Downtown",1996,94103,,Conventional Loan
1650 Jackson Street,1,0,1,845,San Francisco,San Francisco,26,11/08/2026 12:00:00 AM,1,1,,TRUE,1274,"Maintenance - Exterior, Gas, Landscaping/Gardening, Management Fee, Roof, Security Service, Sewer, , Water, Insurance - Structure, Common Area Gas, Maintenance - Common Area",1650 Jackson St Owners Association,(415) 921-5733,748000,06/05/2026 12:00:00 AM,0.336,14631,07/01/2026 12:00:00 AM,0,SF426135725,06/05/2026 12:00:00 AM,748000,0595-076,Residential,-122.422243,37.794195,07/21/2026 12:00:00 AM,760000,California,Sold,07/21/2026 12:00:00 AM,"City, Other, San Francisco, Twin Peaks, City Lights",1991,94109,807,Conventional Loan
1000 Franklin Street,2,0,2,1054,San Francisco,San Francisco,24,10/31/2026 12:00:00 AM,0,0,,TRUE,793,,Mediterranean condominium,(415) 690-4242,779000,07/03/2026 12:00:00 AM,0.303,13200,07/27/2026 12:00:00 AM,0,SF426141511,07/03/2026 12:00:00 AM,779000,0719-055,Residential,-122.422399,37.783912,07/31/2026 12:00:00 AM,750000,California,Sold,07/31/2026 12:00:00 AM,,1980,94109,205,All Cash No Loans
725 Florida Street,1,1,1,698,San Francisco,San Francisco,21,11/10/2026 12:00:00 AM,0,1,,TRUE,734,"Maintenance - Exterior, Landscaping/Gardening, Sewer, , Insurance - Structure, Common Area Gas, Maintenance - Common Area",725 Florida St. Lofts,,680000,06/05/2026 12:00:00 AM,0.218,9498,06/26/2026 12:00:00 AM,0,SF426135265,06/05/2026 12:00:00 AM,680000,4081-069,Residential,-122.410788,37.759959,07/01/2026 12:00:00 AM,750000,California,Sold,07/01/2026 12:00:00 AM,City,2000,94110,15,Conventional Loan
1360 9th Avenue,1,1,2,861,San Francisco,San Francisco,34,12/26/2026 12:00:00 AM,0,0,,TRUE,790,,Nice Sunset Condominium Association,,749000,05/28/2026 12:00:00 AM,0.138,6000,07/01/2026 12:00:00 AM,0,SF426134042,05/28/2026 12:00:00 AM,749000,1763-057,Residential,-122.46599,37.762925,07/10/2026 12:00:00 AM,750000,California,Sold,07/10/2026 12:00:00 AM,,1983,94122,13,All Cash No Loans
1578 Indiana Street,2,0,2,1141,San Francisco,San Francisco,0,12/31/2026 12:00:00 AM,1,1,Security Gate(s),TRUE,967,"Maintenance - Exterior, Management Fee, Roof, Sewer, , Water, Insurance, Common Area Gas, Maintenance - Common Area, Insurance - Earthquake",,,899000,07/06/2026 12:00:00 AM,0.114,4981,07/06/2026 12:00:00 AM,0,SF426128930,07/06/2026 12:00:00 AM,899000,4318-042,Residential,-122.390849,37.750472,07/06/2026 12:00:00 AM,750000,California,Sold,07/06/2026 12:00:00 AM,,2003,94107,1,Conventional Loan
461 2nd Street,1,0,1,647,San Francisco,San Francisco,76,12/31/2026 12:00:00 AM,0,0,Roof Deck,TRUE,851,"Landscaping/Gardening, Management Fee, Roof, Security Service, Sewer, , Water, Insurance - Structure, Common Area Gas, Maintenance - Common Area",Clocktower Owners Association,(800) 400-2284,749000,05/08/2026 12:00:00 AM,1.289,56167,07/23/2026 12:00:00 AM,0,SF426129328,05/08/2026 12:00:00 AM,775000,3764-078,Residential,-122.3939,37.783594,07/29/2026 12:00:00 AM,735000,California,Sold,07/29/2026 12:00:00 AM,,1907,94105,109C,All Cash No Loans
988 Fulton Street,1,0,1,0,San Francisco,San Francisco,14,09/30/2026 12:00:00 AM,0,0,Barbecue Area,TRUE,647,,Alamo Square HOA,(661) 295-4900,798000,06/18/2026 12:00:00 AM,0.947,41262,07/02/2026 12:00:00 AM,0,SF426136654,06/18/2026 12:00:00 AM,798000,0779-165,Residential,-122.432351,37.777801,07/09/2026 12:00:00 AM,730000,California,Sold,07/09/2026 12:00:00 AM,,1999,94117,242,All Cash No Loans
400 Spear Street,1,0,1,955,San Francisco,San Francisco,4,10/31/2026 12:00:00 AM,0,0,,TRUE,593,"Maintenance - Exterior, Insurance - Homeowners , Landscaping/Gardening, Management Fee,",Harbor Lofts Owners Association,,699999,07/11/2026 12:00:00 AM,0.684,29797,07/15/2026 12:00:00 AM,0,SF426136847,07/11/2026 12:00:00 AM,699999,3768-116,Residential,-122.389249,37.788409,07/24/2026 12:00:00 AM,725000,California,Sold,07/24/2026 12:00:00 AM,,1996,94105,203,All Cash No Loans
300 3rd Street,1,0,1,859,San Francisco,San Francisco,56,08/01/2026 12:00:00 AM,0,0,Garden/ Greenbelt/ Trails,TRUE,909,"Landscaping/Gardening, Management Fee, Sewer, , Water, Insurance, Common Area Gas, Maintenance - Common Area, Door Person",Museum Parc,,725000,05/14/2026 12:00:00 AM,1.124,48941,07/09/2026 12:00:00 AM,0,SF426128141,05/14/2026 12:00:00 AM,725000,3751-194,Residential,-122.39903,37.783208,07/24/2026 12:00:00 AM,725000,California,Sold,07/24/2026 12:00:00 AM,"City, City Lights, Garden/Greenbelt",1990,94107,321,Terms - 1031 Exchange
1 Hawthorne Street,1,0,1,846,San Francisco,San Francisco,1,12/31/2026 12:00:00 AM,0,0,"Gym/ Exercise Facility, Barbecue Area, Roof Deck",TRUE,1063,"Gas, Sewer, , Water, Common Area Gas, Maintenance - Common Area, Door Person",One Hawthorne,,729000,07/18/2026 12:00:00 AM,0.285,12409,07/19/2026 12:00:00 AM,0,SF426123766,07/18/2026 12:00:00 AM,729000,3735-A073,Residential,-122.398897,37.785743,07/20/2026 12:00:00 AM,720000,California,Sold,07/20/2026 12:00:00 AM,"City, City Lights, Downtown",2010,94105,10D,All Cash No Loans
1252 Pacific Avenue,1,0,2,835,San Francisco,San Francisco,20,06/30/2027 12:00:00 AM,0,0,Garden/ Greenbelt/ Trails,TRUE,128,Other,,,688000,06/19/2026 12:00:00 AM,0.036,1585,07/09/2026 12:00:00 AM,0,SF426138554,06/19/2026 12:00:00 AM,688000,0156-075,Residential,-122.415874,37.795925,07/17/2026 12:00:00 AM,700000,California,Sold,07/17/2026 12:00:00 AM,,1911,94109,,Not Reported
110 Channel Street,1,0,0,508,San Francisco,San Francisco,25,09/08/2026 12:00:00 AM,0,0,"Club House, Gym/ Exercise Facility, Barbecue Area, Pool, Recreation Room, Sauna, Sauna/ Spa/ Hot Tub",TRUE,825,,Action Life,,650000,05/24/2026 12:00:00 AM,1.143,49773,06/18/2026 12:00:00 AM,0,SF426125754,05/24/2026 12:00:00 AM,650000,8715-244,Residential,-122.391156,37.774848,07/01/2026 12:00:00 AM,700000,California,Sold,07/01/2026 12:00:00 AM,"City, Park, San Francisco, City Lights, Garden/Greenbelt",2017,94158,312,Conventional Loan
960 Market Street,1,0,1,665,San Francisco,San Francisco,70,04/08/2027 12:00:00 AM,0,0,"Club House, Gym/ Exercise Facility, Barbecue Area, Recreation Room, Roof Deck, Dog Park",TRUE,857,"Maintenance - Exterior, Gas, Management Fee, Security Service, Sewer, , Water, Insurance - Structure, Common Area Gas, Maintenance - Common Area, Door Person",950-975 Market Owners Association,,689000,04/09/2026 12:00:00 AM,,0,06/18/2026 12:00:00 AM,0,SF426120062,04/09/2026 12:00:00 AM,689000,AB03-42D,Residential,-122.410004,37.783111,07/22/2026 12:00:00 AM,692800,California,Sold,07/22/2026 12:00:00 AM,"City, City Lights",0,94102,505,Conventional Loan
220 Lombard Street,1,0,1,668,San Francisco,San Francisco,27,09/21/2026 12:00:00 AM,0,0,"Club House, Gym/ Exercise Facility, Recreation Room, Sauna, Security Gate(s),",TRUE,1000,"Maintenance - Exterior, Landscaping/Gardening, Management Fee, Security Service, , Water, Insurance, Door Person, Insurance - Earthquake",220 Lombard HOA,(415) 981-3538,699000,05/27/2026 12:00:00 AM,,0,06/23/2026 12:00:00 AM,0,SF426133494,05/27/2026 12:00:00 AM,699000,0060-053,Residential,-122.4054,37.804244,07/02/2026 12:00:00 AM,690000,California,Sold,07/02/2026 12:00:00 AM,"Hills, Garden/Greenbelt",1993,94111,323,All Cash No Loans
2001 McAllister Street,1,0,1,666,San Francisco,San Francisco,0,09/13/2026 12:00:00 AM,0,1,"Gym/ Exercise Facility, Other",TRUE,1011,"Maintenance - Exterior, Landscaping/Gardening, Management Fee, Sewer, , Water, Insurance - Structure, Common Area Gas, Maintenance - Common Area",Petrini Place Homeowners Association,,680000,07/31/2026 12:00:00 AM,2.252,98109,07/31/2026 12:00:00 AM,0,SF426151100,07/31/2026 12:00:00 AM,680000,1175-114,Residential,-122.446113,37.776612,07/31/2026 12:00:00 AM,680000,California,Sold,07/31/2026 12:00:00 AM,,2002,94118,229,All Cash No Loans
140 Pennsylvania Avenue,1,0,1,765,San Francisco,San Francisco,14,11/26/2026 12:00:00 AM,0,0,,TRUE,738,"Insurance - Homeowners , Management Fee, Other, Roof, Sewer, , Water, Insurance - Structure, Common Area Gas, Maintenance - Common Area",140 Pennsylvania Ave HOA,(415) 316-4369,675000,06/01/2026 12:00:00 AM,0.136,5933,06/15/2026 12:00:00 AM,0,SF426134645,06/01/2026 12:00:00 AM,675000,3987-095,Residential,-122.394138,37.764815,07/06/2026 12:00:00 AM,675000,California,Sold,07/06/2026 12:00:00 AM,,0,94107,304,Conventional Loan
1238 Sutter St ,1,0,2,668,San Francisco,San Francisco,78,,0,0,,TRUE,650,"Garbage, Gas, Management Fee, Water/Sewer, Maintenance - Common Area",,(415) 316-4369,675000,03/31/2026 12:00:00 AM,0,0,06/17/2026 12:00:00 AM,0,BE41129122,,699000,0670-046,Residential,-122.420844,37.787901,07/10/2026 12:00:00 AM,675000,California,Sold,07/11/2026 12:00:00 AM,"San Francisco, City Lights",2018,94109,505,Conventional Loan
1405 Greenwich Street,1,0,1,998,San Francisco,San Francisco,594,12/23/2026 12:00:00 AM,0,0,,TRUE,295,,,,745400,09/03/2024 12:00:00 AM,0.063,2762,05/11/2026 12:00:00 AM,0,SF424062006,09/03/2024 12:00:00 AM,745400,0523-052,Residential,-122.422946,37.800474,07/31/2026 12:00:00 AM,675000,California,Sold,07/31/2026 12:00:00 AM,,1924,94109,3,All Cash No Loans
988 Harrison Street,1,0,1,611,San Francisco,San Francisco,8,06/01/2027 12:00:00 AM,0,0,"Barbecue Area, Roof Deck",TRUE,655,,RENOU Owners Association,,674000,06/01/2026 12:00:00 AM,,0,06/09/2026 12:00:00 AM,0,SF426145632,06/01/2026 12:00:00 AM,674000,3753-148,Residential,-122.404119,37.777586,07/09/2026 12:00:00 AM,674000,California,Sold,07/09/2026 12:00:00 AM,"San Francisco, Downtown",2025,94107,604,Conventional Loan
1483 Sutter Street,1,0,1,650,San Francisco,San Francisco,26,08/03/2026 12:00:00 AM,0,0,"Gym/ Exercise Facility, Sauna, Sauna/ Spa/ Hot Tub",TRUE,904,"Maintenance - Exterior, Landscaping/Gardening, Management Fee, Security Service, Sewer, , Water, Insurance, Common Area Gas, Maintenance - Common Area, Door Person",Sutterfield HOA,,669000,05/29/2026 12:00:00 AM,1.117,48636,06/24/2026 12:00:00 AM,0,SF426135214,05/29/2026 12:00:00 AM,669000,0689-152,Residential,-122.424179,37.787058,07/06/2026 12:00:00 AM,665000,California,Sold,07/06/2026 12:00:00 AM,,1993,94109,1002,All Cash No Loans
8200 Oceanview Terrace,2,0,2,950,San Francisco,San Francisco,13,05/06/2027 12:00:00 AM,0,0,Security Gate(s),TRUE,1007,"Maintenance - Exterior, Insurance - Homeowners , Landscaping/Gardening, Management Fee, Security Service, , Water",Oceanview Terrace HOA,(650) 757-9675,688800,06/17/2026 12:00:00 AM,7.475,325629,06/30/2026 12:00:00 AM,0,SF426128752,06/17/2026 12:00:00 AM,688800,7126-A217,Residential,-122.467795,37.710565,07/24/2026 12:00:00 AM,660000,California,Sold,07/24/2026 12:00:00 AM,,2002,94132,108,Conventional Loan
950 Harrison Street,1,1,1,1005,San Francisco,San Francisco,74,09/18/2026 12:00:00 AM,1,0,,TRUE,813,"Management Fee, , Water, Common Area Gas, Maintenance - Common Area",950 Harrison Homeowner Association,(925) 743-3080,679000,05/01/2026 12:00:00 AM,0.549,23929,07/14/2026 12:00:00 AM,0,SF426126206,05/01/2026 12:00:00 AM,679000,3753-278,Residential,-122.403366,37.778484,07/24/2026 12:00:00 AM,659000,California,Sold,07/24/2026 12:00:00 AM,City,2000,94107,215,Other
818 Van Ness Avenue,1,0,1,879,San Francisco,San Francisco,20,08/10/2026 12:00:00 AM,0,1,Roof Deck,TRUE,852,"Maintenance - Exterior, Management Fee, Insurance - Structure",Artani HOA,,667000,06/20/2026 12:00:00 AM,0.225,9810,07/10/2026 12:00:00 AM,0,SF426140825,06/20/2026 12:00:00 AM,667000,0739-051,Residential,-122.42064,37.78323,07/14/2026 12:00:00 AM,655000,California,Sold,07/14/2026 12:00:00 AM,"City, San Francisco, Downtown",2008,94109,602,Rate - Interest Buy Down
300 3rd Street,1,0,1,807,San Francisco,San Francisco,34,10/31/2026 12:00:00 AM,0,0,,TRUE,909,"Maintenance - Exterior, Gas, Landscaping/Gardening, Management Fee, Security Service, , Water, Insurance - Structure, Common Area Gas, Maintenance - Common Area, Door Person",Museum Parc HOA,,665000,05/28/2026 12:00:00 AM,1.124,48941,07/01/2026 12:00:00 AM,0,SF426127913,05/28/2026 12:00:00 AM,665000,3751-373,Residential,-122.39903,37.783208,07/10/2026 12:00:00 AM,650000,California,Sold,07/10/2026 12:00:00 AM,"Hills, City, City Lights, Garden/Greenbelt",1990,94123,1208,All Cash No Loans
8300 Oceanview Terrace,2,0,2,950,San Francisco,San Francisco,56,10/11/2026 12:00:00 AM,0,0,,TRUE,1007,"Landscaping/Gardening, Sewer, , Water, Insurance, Common Area Gas, Maintenance - Common Area",Oceanview Village HOA,(650) 757-9675,596000,04/23/2026 12:00:00 AM,7.475,325629,06/18/2026 12:00:00 AM,0,SF426124347,04/23/2026 12:00:00 AM,596000,7126-A106,Residential,-122.467958,37.710073,07/13/2026 12:00:00 AM,650000,California,Sold,07/13/2026 12:00:00 AM,,2002,94132,114,Conventional Loan
1 Daniel Burnham Court,1,0,1,818,San Francisco,San Francisco,15,12/31/2026 12:00:00 AM,,1,,TRUE,1307,"Door Person, Garbage, Gas, Hot Water, Insurance - Common Area, Maintenance - Common Area, Management Fee, Pools, Spa, or Tennis, Security Service, Sewer, Water/Sewer",Daniel Burnham Court HOA,,638000,06/05/2026 12:00:00 AM,,,06/20/2026 12:00:00 AM,0,ML82049413,06/05/2026 12:00:00 AM,638000,0690-161,Residential,-122.422491,37.786755,07/17/2026 12:00:00 AM,638000,California,Sold,07/17/2026 12:00:00 AM,,1988,94109,722,Conventional Loan
338 Potrero Avenue,1,0,1,667,San Francisco,San Francisco,20,12/31/2026 12:00:00 AM,0,0,"Barbecue Area, Roof Deck",TRUE,765,"Maintenance - Exterior, Landscaping/Gardening, Management Fee, Roof, Sewer, , Insurance - Structure, Common Area Gas, Maintenance - Common Area, Door Person",Rowan Homeowners Association,,619000,06/05/2026 12:00:00 AM,0.258,11250,06/25/2026 12:00:00 AM,0,SF426123839,06/05/2026 12:00:00 AM,619000,3962-040,Residential,-122.407705,37.765142,07/09/2026 12:00:00 AM,624000,California,Sold,07/09/2026 12:00:00 AM,"San Francisco, Twin Peaks",2016,94103,410,Conventional Loan
1001 Pine Street,1,0,1,650,San Francisco,San Francisco,84,03/19/2027 12:00:00 AM,0,1,"Club House, Roof Deck, Security Gate(s)",TRUE,697,"Maintenance - Exterior, Landscaping/Gardening, Management Fee, Security Service, , Water, Insurance, Common Area Gas, Maintenance - Common Area",Pine Terrace Association,(415) 433-5111,625000,03/20/2026 12:00:00 AM,0.434,18906,06/12/2026 12:00:00 AM,0,SF426113235,03/20/2026 12:00:00 AM,650000,0275-A077,Residential,-122.412568,37.790348,07/01/2026 12:00:00 AM,617500,California,Sold,07/01/2026 12:00:00 AM,"Bay, City, San Francisco, City Lights, Downtown",1963,94109,801,All Cash No Loans
988 Harrison Street,1,0,1,0,San Francisco,San Francisco,16,06/01/2027 12:00:00 AM,0,0,"Barbecue Area, Roof Deck",TRUE,560,,RENOU Owners Association,,610000,06/01/2026 12:00:00 AM,,0,06/17/2026 12:00:00 AM,0,SF426149037,06/01/2026 12:00:00 AM,610000,3753-148,Residential,-122.404119,37.777586,07/13/2026 12:00:00 AM,610000,California,Sold,07/13/2026 12:00:00 AM,"City, San Francisco, Downtown",2025,94107,510,Conventional Loan
570 Innes Avenue,2,0,2,970,San Francisco,San Francisco,15,08/01/2026 12:00:00 AM,,1,,TRUE,701,"Common Area Gas, Electricity, Gas, Heating, Insurance - Homeowners , Landscaping/Gardening, Maintenance - Common Area, Maintenance - Exterior, Management Fee, Roof",Condominiums at the Shipyard,,588888,04/16/2026 12:00:00 AM,,,05/01/2026 12:00:00 AM,0,ML82039579,04/16/2026 12:00:00 AM,588888,4591C-414,Residential,-122.369137,37.728492,07/29/2026 12:00:00 AM,610000,California,Sold,07/29/2026 12:00:00 AM,,2016,94124,204,Other
1433 Bush Street,1,0,1,611,San Francisco,San Francisco,117,08/30/2026 12:00:00 AM,0,0,,TRUE,800,,,,628000,02/25/2026 12:00:00 AM,0.156,6802,06/22/2026 12:00:00 AM,0,SF426106033,02/25/2026 12:00:00 AM,698000,0670-089,Residential,-122.420957,37.788514,07/06/2026 12:00:00 AM,605000,California,Sold,07/06/2026 12:00:00 AM,,2019,94109,504,All Cash No Loans
95 Mccoppin Street,1,0,1,739,San Francisco,San Francisco,70,12/31/2026 12:00:00 AM,0,1,Security Gate(s),TRUE,770,"Maintenance - Exterior, Landscaping/Gardening, Management Fee, , Water, Insurance - Structure, Common Area Gas, Maintenance - Common Area",,,599000,05/18/2026 12:00:00 AM,0.995,43359,07/27/2026 12:00:00 AM,0,SF426131913,05/18/2026 12:00:00 AM,675000,3513-162,Residential,-122.422172,37.771366,07/28/2026 12:00:00 AM,600000,California,Sold,07/28/2026 12:00:00 AM,,1997,94103,103E,All Cash No Loans
875 Vermont Street,1,0,1,646,San Francisco,San Francisco,79,08/31/2026 12:00:00 AM,0,0,,TRUE,663,,Vista Dolores HOA,,599000,04/08/2026 12:00:00 AM,0.114,4942,06/26/2026 12:00:00 AM,0,SF426118825,04/08/2026 12:00:00 AM,699000,4093-089,Residential,-122.403665,37.758585,07/15/2026 12:00:00 AM,599000,California,Sold,07/15/2026 12:00:00 AM,,1965,94107,204,Conventional Loan
821 Folsom Street,1,0,1,649,San Francisco,San Francisco,23,12/03/2026 12:00:00 AM,0,0,,TRUE,692,"Maintenance - Exterior, Roof, , Water, Insurance, Insurance - Structure, Common Area Gas, Maintenance - Common Area",Shipley Square Owners Association,(415) 401-2000,625000,06/10/2026 12:00:00 AM,0.663,28875,07/03/2026 12:00:00 AM,0,SF426138397,06/10/2026 12:00:00 AM,625000,3752-460,Residential,-122.4014,37.781409,07/07/2026 12:00:00 AM,588000,California,Sold,07/07/2026 12:00:00 AM,,2004,94107,419,Other
52 Kirkwood Avenue,1,0,1,743,San Francisco,San Francisco,3,12/31/2026 12:00:00 AM,0,0,"Gym/ Exercise Facility, Other, Barbecue Area, Recreation Room, Trail(s)",TRUE,801,"Maintenance - Exterior, Gas, Landscaping/Gardening, Management Fee, , Insurance, Insurance - Structure, Common Area Gas, Maintenance - Common Area",First Service Management Company,(415) 401-2085,584800,07/14/2026 12:00:00 AM,,0,07/17/2026 12:00:00 AM,0,SF426146656,07/14/2026 12:00:00 AM,584800,4591-C734,Residential,-122.370111,37.727124,07/30/2026 12:00:00 AM,584000,California,Sold,07/30/2026 12:00:00 AM,,2023,94124,409,Conventional Loan
140 South Van Ness Avenue,1,1,1,830,San Francisco,San Francisco,214,06/09/2026 12:00:00 AM,0,0,"Gym/ Exercise Facility, Other, Barbecue Area",TRUE,763,"Maintenance - Exterior, Landscaping/Gardening, Management Fee, Insurance, Common Area Gas, Maintenance - Common Area",140 South Homeowners Association,(800) 428-5588,619000,11/07/2025 12:00:00 AM,0.991,43147,06/24/2026 12:00:00 AM,0,SF425086391,11/07/2025 12:00:00 AM,619000,3514-093,Residential,-122.418559,37.771627,07/06/2026 12:00:00 AM,575000,California,Sold,07/06/2026 12:00:00 AM,"City, City Lights",2002,94103,417,Conventional Loan
155 Harriet Street,1,1,1,948,San Francisco,San Francisco,124,08/31/2026 12:00:00 AM,0,1,,TRUE,1093,,360 6th St HOA,,579000,03/06/2026 12:00:00 AM,0.22,9595,07/08/2026 12:00:00 AM,0,SF426109214,03/06/2026 12:00:00 AM,579000,3754-080,Residential,-122.405045,37.777518,07/10/2026 12:00:00 AM,564000,California,Sold,07/10/2026 12:00:00 AM,,2001,94103,3,Conventional Loan
52 Kirkwood Avenue,1,0,1,826,San Francisco,San Francisco,105,07/31/2026 12:00:00 AM,0,0,"Gym/ Exercise Facility, Barbecue Area, Recreation Room",TRUE,801,"Maintenance - Exterior, Gas, Landscaping/Gardening, Management Fee, , Insurance - Structure, Common Area Gas, Maintenance - Common Area",First Service Management Company,(415) 401-2085,593800,02/19/2026 12:00:00 AM,1.048,45650,06/04/2026 12:00:00 AM,0,SF426103853,02/19/2026 12:00:00 AM,593800,4591-C739,Residential,-122.370111,37.727124,07/24/2026 12:00:00 AM,550000,California,Sold,07/24/2026 12:00:00 AM,Bay,2023,94124,414,Conventional Loan
2211 California Street,1,0,1,0,San Francisco,San Francisco,33,09/28/2026 12:00:00 AM,0,0,Roof Deck,TRUE,615,"Maintenance - Exterior, Management Fee, Sewer, , Water, Insurance - Structure",2211 California Street,,498000,06/05/2026 12:00:00 AM,0.159,6915,07/08/2026 12:00:00 AM,0,SF426136918,06/05/2026 12:00:00 AM,498000,0652-052,Residential,-122.431007,37.788991,07/28/2026 12:00:00 AM,535000,California,Sold,07/28/2026 12:00:00 AM,,1911,94115,303,Conventional Loan
333 1st Street,1,0,0,506,San Francisco,San Francisco,40,08/14/2026 12:00:00 AM,0,0,"Club House, Gym/ Exercise Facility, Barbecue Area, Pool, Roof Deck, Sauna, Sauna/ Spa/ Hot Tub",TRUE,1067,"Maintenance - Exterior, Landscaping/Gardening, Sewer, , Water, Common Area Gas, Maintenance - Common Area",The Metropolitan,,530000,05/14/2026 12:00:00 AM,0.886,38571,06/23/2026 12:00:00 AM,0,SF426129659,05/14/2026 12:00:00 AM,530000,3748-085,Residential,-122.394029,37.787238,07/02/2026 12:00:00 AM,520000,California,Sold,07/02/2026 12:00:00 AM,"City, Downtown",2004,94105,N706,Conventional Loan
8400 Oceanview Terrace,1,0,1,669,San Francisco,San Francisco,14,06/30/2027 12:00:00 AM,,1,,TRUE,874,"Insurance - Homeowners , Landscaping/Gardening, Maintenance - Exterior, Management Fee, Water",Oceanview Village Homeowners Association,,515000,06/03/2026 12:00:00 AM,,,06/17/2026 12:00:00 AM,0,ML82049705,06/03/2026 10:38:01 PM,515000,7126A094,Residential,-122.468304,37.709757,07/13/2026 12:00:00 AM,515000,California,Sold,07/21/2026 12:00:00 AM,,2002,94132,120,Conventional Loan
901 Bush Street,1,0,1,0,San Francisco,San Francisco,124,07/22/2026 12:00:00 AM,0,0,Roof Deck,TRUE,545,"Maintenance - Exterior, Management Fee, , Water, Insurance - Structure, Common Area Gas, Maintenance - Common Area",,,499000,02/28/2026 12:00:00 AM,0.109,4727,07/02/2026 12:00:00 AM,0,SF426107711,02/28/2026 12:00:00 AM,549000,0282-025,Residential,-122.412305,37.78959,07/08/2026 12:00:00 AM,508000,California,Sold,07/08/2026 12:00:00 AM,,1909,94109,103,Conventional Loan
1001 Pine Street,1,0,1,650,San Francisco,San Francisco,81,09/24/2026 12:00:00 AM,,0,,TRUE,560,"Garbage, Landscaping/Gardening, Water",Bohan Company,(415) 433-5111,550000,03/30/2026 12:00:00 AM,,,06/19/2026 12:00:00 AM,0,ML82040829,03/30/2026 12:19:08 PM,599000,0275-A022,Residential,-122.412568,37.790348,07/06/2026 12:00:00 AM,505000,California,Sold,07/06/2026 12:00:00 AM,,1963,94109,306,Conventional Loan
8200 Oceanview Terrace,1,0,1,784,San Francisco,San Francisco,67,08/21/2026 12:00:00 AM,0,0,"Club House, Security Gate(s)",TRUE,928,,Oceanview Village Homeowners Association,(800) 428-5588,499000,04/23/2026 12:00:00 AM,7.475,325629,06/29/2026 12:00:00 AM,0,SF426114992,04/23/2026 12:00:00 AM,499000,7126-A246,Residential,-122.467795,37.710565,07/09/2026 12:00:00 AM,503500,California,Sold,07/09/2026 12:00:00 AM,,2002,94132,213,Conventional Loan
601 Van Ness Avenue,1,0,1,834,San Francisco,San Francisco,59,07/31/2026 12:00:00 AM,0,0,"Exercise Course, Gym/ Exercise Facility, Pool, Racquetball, Recreation Room, Sauna, Sauna/ Spa/ Hot Tub, Game Court - Indoor",TRUE,1285,,Opera Plaza HOA,,499000,04/24/2026 12:00:00 AM,2.429,105806,06/22/2026 12:00:00 AM,0,SF426116805,04/24/2026 12:00:00 AM,515000,0762-224,Residential,-122.420896,37.781491,07/02/2026 12:00:00 AM,500000,California,Sold,07/02/2026 12:00:00 AM,,1982,94102,224,All Cash No Loans
5320 Diamond Heights Boulevard,1,0,1,682,San Francisco,San Francisco,173,12/31/2026 12:00:00 AM,1,1,,TRUE,711,"Maintenance - Exterior, Insurance - Homeowners , Landscaping/Gardening, Management Fee, Roof, Sewer, , Water, Insurance - Structure",Diamond Ridge,(650) 735-1328,518000,01/29/2026 12:00:00 AM,0.944,41114,07/21/2026 12:00:00 AM,0,SF426099958,01/29/2026 12:00:00 AM,583000,7534-053,Residential,-122.437264,37.743034,07/30/2026 12:00:00 AM,500000,California,Sold,07/30/2026 12:00:00 AM,Garden/Greenbelt,1975,94131,202K,Conventional Loan
241 14th Street,1,0,2,710,San Francisco,San Francisco,186,08/31/2026 12:00:00 AM,0,0,Security Gate(s),TRUE,432,"Maintenance - Exterior, Sewer, , Water, Insurance, Common Area Gas, Maintenance - Common Area",239-243 14th St.,,525000,01/12/2026 12:00:00 AM,0.047,2041,07/17/2026 12:00:00 AM,0,SF426094620,01/12/2026 12:00:00 AM,575000,3548-172,Residential,-122.418742,37.768213,07/29/2026 12:00:00 AM,500000,California,Sold,07/29/2026 12:00:00 AM,,1910,94103,,Other
2225 23rd st ,1,0,1,602,San Francisco,San Francisco,10,,0,1,"Gym/ Exercise Facility, Pool, Sauna/ Spa/ Hot Tub",TRUE,910,"Maintenance - Exterior, Garbage, Heating, Hot Water, Management Fee, Water/Sewer, Maintenance - Common Area, Insurance - Earthquake",NOT LISTED,(415) 647-2211,459000,05/26/2026 12:00:00 AM,1.842,80224,06/05/2026 12:00:00 AM,0,BE41136071,,459000,4216-131,Residential,-122.402216,37.753932,07/01/2026 12:00:00 AM,460000,California,Sold,07/02/2026 12:00:00 AM,,1989,94107,402,Conventional Loan
280 Spear Street,1,0,1,652,San Francisco,San Francisco,165,12/31/2026 12:00:00 AM,0,0,"Gym/ Exercise Facility, Barbecue Area, Roof Deck",TRUE,793,"Maintenance - Exterior, Landscaping/Gardening, Management Fee, , Water, Common Area Gas, Maintenance - Common Area, Door Person",MIRA,,416363,02/01/2026 12:00:00 AM,1.26,54884,07/16/2026 12:00:00 AM,0,SF426097041,02/01/2026 12:00:00 AM,416363,3740-247,Residential,-122.391683,37.790006,07/17/2026 12:00:00 AM,416363,California,Sold,07/17/2026 12:00:00 AM,,2020,94105,12H,All Cash No Loans
338 Potrero Avenue,2,0,2,823,San Francisco,San Francisco,77,07/16/2026 12:00:00 AM,0,0,"Other, Barbecue Area, Roof Deck",TRUE,777,"Maintenance - Exterior, Management Fee, Insurance - Structure, Common Area Gas, Maintenance - Common Area, Door Person",Rowan,,414731,09/29/2025 12:00:00 AM,0.258,11250,12/15/2025 12:00:00 AM,0,SF425077606,09/29/2025 12:00:00 AM,414731,3962-028,Residential,-122.407705,37.765142,07/17/2026 12:00:00 AM,414731,California,Sold,07/17/2026 12:00:00 AM,,2016,94103,308,Other
601 Van Ness Avenue,1,0,1,558,San Francisco,San Francisco,52,07/31/2026 12:00:00 AM,0,0,"Exercise Course, Gym/ Exercise Facility, Pool, Racquetball, Recreation Room, Sauna, Sauna/ Spa/ Hot Tub, Game Court - Indoor",TRUE,1159,"Maintenance - Exterior, Landscaping/Gardening, Management Fee, Other, Pools, Spa, or Tennis, Roof, Security Service, Sewer, , Water, Insurance - Structure, Common Area Gas, Maintenance - Common Area, Insurance - Earthquake",Opera Plaza HOA,,395000,05/01/2026 12:00:00 AM,2.429,105806,06/22/2026 12:00:00 AM,0,SF426119212,05/01/2026 12:00:00 AM,395000,0762-411,Residential,-122.420896,37.781491,07/06/2026 12:00:00 AM,390000,California,Sold,07/06/2026 12:00:00 AM,"City Lights, Downtown",1982,94102,411,Conventional Loan
60 Ora Way,1,0,0,480,San Francisco,San Francisco,50,10/01/2026 12:00:00 AM,1,0,"Club House, Garden/ Greenbelt/ Trails, Gym/ Exercise Facility, Pool, Sauna/ Spa/ Hot Tub, Car Wash Area",TRUE,800,"Maintenance - Exterior, Landscaping/Gardening, Management Fee, Pools, Spa, or Tennis, Roof, Sewer, , Water, Insurance - Structure, Common Area Gas, Maintenance - Common Area, Insurance - Earthquake",Gold Mine Hill Homeowner's Association,(415) 282-9969,399000,05/06/2026 12:00:00 AM,0.156,6813,06/25/2026 12:00:00 AM,0,SF426118686,05/06/2026 12:00:00 AM,399000,7530-041,Residential,-122.438,37.74101,07/03/2026 12:00:00 AM,375000,California,Sold,07/03/2026 12:00:00 AM,Garden/Greenbelt,1975,94131,105H,Conventional Loan
545 Leavenworth Street,2,0,1,711,San Francisco,San Francisco,346,07/31/2026 12:00:00 AM,1,1,Other,TRUE,725,"Maintenance - Exterior, Management Fee, Other, Roof, Sewer, , Water, Insurance, Insurance - Structure, Common Area Gas, Maintenance - Common Area",545 Leavenworth HOA,,398000,08/11/2025 12:00:00 AM,0.086,3746,07/23/2026 12:00:00 AM,0,SF425064503,08/11/2025 12:00:00 AM,525000,0319-028,Residential,-122.414964,37.786124,07/24/2026 12:00:00 AM,375000,California,Sold,07/24/2026 12:00:00 AM,,2001,94109,1,Conventional Loan
601 Van Ness Avenue,1,0,0,523,San Francisco,San Francisco,17,09/20/2026 12:00:00 AM,1,0,"Club House, Gym/ Exercise Facility, Pool, Racquetball, Sauna/ Spa/ Hot Tub",TRUE,1150,"Maintenance - Exterior, Landscaping/Gardening, Management Fee, Other, Pools, Spa, or Tennis, Security Service, Common Area Gas, Maintenance - Common Area",Opera Plaza,,369000,06/19/2026 12:00:00 AM,2.429,105806,07/06/2026 12:00:00 AM,0,SF426141107,06/19/2026 12:00:00 AM,369000,0762-382,Residential,-122.420831,37.781512,07/15/2026 12:00:00 AM,369000,California,Sold,07/15/2026 12:00:00 AM,,1982,94102,948,All Cash No Loans
1400 Mission Street,1,0,1,655,San Francisco,San Francisco,650,09/12/2026 12:00:00 AM,0,0,"Garden/ Greenbelt/ Trails, Roof Deck",TRUE,590,"Maintenance - Exterior, Insurance - Homeowners , Landscaping/Gardening, Management Fee, , Water, Door Person",Titan Management Group,(415) 777-5200,388000,10/18/2024 12:00:00 AM,,0,07/30/2026 12:00:00 AM,0,SF424073156,10/18/2024 12:00:00 AM,391701,3507-161,Residential,-122.416473,37.775369,07/31/2026 12:00:00 AM,361310,California,Sold,07/31/2026 12:00:00 AM,"City, City Lights",2015,94103,1303,Conventional Loan
766 Harrison Street,1,0,0,260,San Francisco,San Francisco,102,07/30/2026 12:00:00 AM,0,0,,TRUE,342,"Landscaping/Gardening, Sewer, , Water, Insurance, Common Area Gas, Maintenance - Common Area",,,359000,03/12/2026 12:00:00 AM,0.158,6880,06/22/2026 12:00:00 AM,0,SF426110064,03/12/2026 12:00:00 AM,368000,3751-488,Residential,-122.399185,37.781652,07/02/2026 12:00:00 AM,350000,California,Sold,07/02/2026 12:00:00 AM,"San Francisco, Downtown",2008,94107,608,Conventional Loan
631 Ofarrell Street,1,0,0,520,San Francisco,San Francisco,3,12/01/2026 12:00:00 AM,0,0,,TRUE,967,,,,305000,06/29/2026 12:00:00 AM,0.423,18438,06/29/2026 12:00:00 AM,0,SF426143798,06/29/2026 12:00:00 AM,305000,0322-A133,Residential,-122.41518,37.785248,07/01/2026 12:00:00 AM,305000,California,Sold,07/01/2026 12:00:00 AM,,1930,94109,1212,Conventional Loan
