Address,Baths Full,Baths Half,Beds Total,Sq Ft Total,Postal City,County,DOM,Expiration Date,# of Fireplaces,,HOA Amenities,HOA Exist YN,HOA Fee,Garage Spaces,HOA Phone,No Of Floors,List Price,Listing Date,Acres,Lot Size,Room Count,MLS Number,Original List Date,Original List Price,Parcel Number,Property Type,Longitude,Latitude,State,Status,Status Change Timestamp,Style,View,Year Built,Zip Code,Unit Number,Owner Name,Buyer's Financing,Property Tax,No Of Stories
181 Fremont Street,6,1,4,6941,San Francisco,San Francisco,88,10/31/2027 12:00:00 AM,1,,"Gym/ Exercise Facility, Other",TRUE,7260,3,,,47500000,05/23/2026 12:00:00 AM,0.352,15312,0,SF426133399,05/23/2026 12:00:00 AM,47500000,3719-518,Residential,-122.395453,37.789653,California,Active,05/23/2026 12:00:00 AM,"Luxury, Modern/High Tech","Bay, Golden Gate Bridge, City, Mountains, Bay Bridge, Panoramic, Water, City Lights, Downtown",2018,94105,70-PH,,,,0
181 Fremont Street,2,0,2,3199,San Francisco,San Francisco,99,10/31/2027 12:00:00 AM,1,,"Gym/ Exercise Facility, Recreation Room",TRUE,5156,2,,,16000000,05/12/2026 12:00:00 AM,0.352,15312,0,SF426133774,05/12/2026 12:00:00 AM,16000000,3719-517,Residential,-122.395453,37.789653,California,Active,05/12/2026 12:00:00 AM,Modern/High Tech,"Bay, Hills, City, Bay Bridge, Panoramic, San Francisco, City Lights, Downtown",2018,94105,69-B,,,,0
181 Fremont Street,2,1,2,3256,San Francisco,San Francisco,99,10/31/2027 12:00:00 AM,0,,Gym/ Exercise Facility,TRUE,5156,2,,,13000000,05/12/2026 12:00:00 AM,0.352,15312,0,SF426133776,05/12/2026 12:00:00 AM,13000000,3719-515,Residential,-122.395453,37.789653,California,Active,05/12/2026 12:00:00 AM,Modern/High Tech,"Bay, Hills, City, Bay Bridge, Panoramic, City Lights, Downtown",2018,94105,68B,,,,0
488 Folsom Street,5,0,4,4176,San Francisco,San Francisco,443,08/28/2026 12:00:00 AM,1,,,TRUE,3130,0,,,11250000,02/28/2025 12:00:00 AM,1.142,49754,0,SF425013417,02/28/2025 12:00:00 AM,11250000,3737-172,Residential,-122.39456,37.787745,California,Active,02/28/2025 12:00:00 AM,Luxury,"Bridge(s), City, Water",2019,94105,5501,,,,0
387 Tehama Street,2,4,4,1384,San Francisco,San Francisco,9,04/27/2027 12:00:00 AM,0,,,TRUE,6263,0,,,9950000,08/10/2026 12:00:00 AM,0.495,21547,0,SF426153530,08/10/2026 12:00:00 AM,9950000,3733-115,Residential,-122.403913,37.78128,California,Active,08/10/2026 12:00:00 AM,Luxury,,1996,94103,,,,,4
1150 Sacramento Street,3,1,3,4420,San Francisco,San Francisco,159,02/08/2027 12:00:00 AM,2,,,TRUE,3421,0,,,7995000,03/13/2026 12:00:00 AM,0.341,14843,0,SF426106208,03/13/2026 12:00:00 AM,8995000,0222-074,Residential,-122.411814,37.792947,California,Active,03/13/2026 12:00:00 AM,,"Bay, Hills, Panoramic, City Lights",1989,94108,701,,,,7
338 Main Street,3,0,3,2685,San Francisco,San Francisco,7,09/06/2026 12:00:00 AM,0,,"Club House, Gym/ Exercise Facility, Barbecue Area, Pool, Putting Green",TRUE,1764,0,,,7000000,08/12/2026 12:00:00 AM,1.731,75406,0,SF426149706,08/12/2026 12:00:00 AM,7000000,3746-363,Residential,-122.391499,37.788675,California,Active,08/12/2026 12:00:00 AM,Modern/High Tech,"Bay, Bay Bridge",2016,94105,32B,,,,37
301 Mission Street,4,0,3,3315,San Francisco,San Francisco,,01/31/2027 12:00:00 AM,0,,"Club House, Gym/ Exercise Facility, Pool, Recreation Room, Sauna/ Spa/ Hot Tub",TRUE,4500,0,,,6000000,12/31/2026 12:00:00 AM,1.163,50667,0,SF423914032,12/31/2026 12:00:00 AM,6000000,3719-349,Residential,-122.396153,37.790382,California,Active,12/31/2026 12:00:00 AM,Modern/High Tech,"Bay, Bridge(s), City, Mountains, Bay Bridge, Panoramic, San Francisco, City Lights, Downtown",2009,94105,50B,,,,0
217 Missouri Street,4,0,0,5200,San Francisco,San Francisco,,03/18/2027 12:00:00 AM,0,,,TRUE,,0,,,5998000,11/28/2026 12:00:00 AM,0.064,2800,0,SF426152776,11/28/2026 12:00:00 AM,5998000,4002-022,Residential,-122.396372,37.763563,California,Active,11/28/2026 12:00:00 AM,Custom,,0,94107,4,,,,0
456 Collingwood Street,2,2,3,2657,San Francisco,San Francisco,,05/31/2027 12:00:00 AM,0,,,TRUE,,1,,,5650000,05/30/2027 12:00:00 AM,,0,0,SF426124740,05/30/2027 12:00:00 AM,5650000,2769-053,Residential,-122.435807,37.7551,California,Active,05/30/2027 12:00:00 AM,Luxury,"Bay, City, Other, San Francisco, Twin Peaks, Water, City Lights, Downtown",1947,94114,,,,,0
2550 Greenwich Street,3,1,4,3924,San Francisco,San Francisco,121,12/28/2026 12:00:00 AM,0,,,TRUE,,0,,,5550000,04/20/2026 12:00:00 AM,0.085,3713,0,SF426109060,04/20/2026 12:00:00 AM,5950000,0937-051,Residential,-122.441781,37.798371,California,Active,04/20/2026 12:00:00 AM,Edwardian,,1992,94123,,,,,0
301 Mission Street,3,1,3,3315,San Francisco,San Francisco,121,12/31/2026 12:00:00 AM,0,,"Gym/ Exercise Facility, Pool, Recreation Room, Roof Deck, Sauna, Sauna/ Spa/ Hot Tub",TRUE,4294,2,(415) 874-4700,,5500000,04/20/2026 12:00:00 AM,1.163,50667,0,SF426118871,04/20/2026 12:00:00 AM,5500000,3719-357,Residential,-122.395932,37.790488,California,Active,04/20/2026 12:00:00 AM,"Contemporary, Traditional","Bay, Marina, Bay Bridge, Mt. Diablo, City Lights, Downtown",2009,94105,52B,,,,58
1001 California Street,2,1,2,2980,San Francisco,San Francisco,7,01/27/2027 12:00:00 AM,2,,,TRUE,5432,0,,,5200000,08/12/2026 12:00:00 AM,0.108,4693,0,SF426149947,08/12/2026 12:00:00 AM,5200000,0254-089,Residential,-122.411041,37.791618,California,Active,08/12/2026 12:00:00 AM,Luxury,"Bay, City",1914,94108,7,,,,0
488 Folsom Street,3,0,3,2159,San Francisco,San Francisco,,12/31/2027 12:00:00 AM,0,,"Gym/ Exercise Facility, Barbecue Area, Pool, Recreation Room, Roof Deck",TRUE,2561,0,,,4999999,09/04/2026 12:00:00 AM,1.142,49754,0,SF426151847,09/04/2026 12:00:00 AM,4999999,3737-148,Residential,-122.39456,37.787745,California,Active,09/04/2026 12:00:00 AM,"Luxury, Modern/High Tech","Bay, Bay Bridge, Panoramic, San Francisco, Water, City Lights",2019,94105,4901,,,,0
706 Mission Street,3,0,2,2780,San Francisco,San Francisco,160,03/12/2027 12:00:00 AM,0,,"Club House, Gym/ Exercise Facility, Roof Deck, Security Gate(s),",TRUE,4983,0,,,4555000,03/12/2026 12:00:00 AM,,0,0,SF426111146,03/12/2026 12:00:00 AM,4555000,3706-329,Residential,-122.40257,37.78614,California,Active,03/12/2026 12:00:00 AM,"Contemporary, Luxury, Modern/High Tech","City, Park, Downtown",2021,94103,801,,,,0
706 Mission Street,3,1,3,2911,San Francisco,San Francisco,133,09/01/2026 12:00:00 AM,0,,"Gym/ Exercise Facility,",TRUE,5234,0,,,4200000,04/08/2026 12:00:00 AM,2.01,87555,0,SF426119876,04/08/2026 12:00:00 AM,4200000,3706-363,Residential,-122.40257,37.78614,California,Active,04/08/2026 12:00:00 AM,"Contemporary, Custom, Luxury","Bay, City, Bay Bridge, Panoramic, San Francisco, Water, City Lights",2020,94103,16B,,,,0
1635 Chestnut Street,3,0,3,1805,San Francisco,San Francisco,,11/30/2026 12:00:00 AM,0,,,TRUE,400,0,,,4100000,11/01/2026 12:00:00 AM,0.072,3146,0,SF426137732,11/01/2026 12:00:00 AM,4100000,0495-046,Residential,-122.430312,37.801404,California,Active,11/01/2026 12:00:00 AM,,,1924,94123,,,,,0
181 Fremont Street,2,1,2,1926,San Francisco,San Francisco,328,12/15/2026 12:00:00 AM,0,,"Club House, Gym/ Exercise Facility, Roof Deck",TRUE,4414,1,,,4100000,09/25/2025 12:00:00 AM,,0,0,SF425076865,09/25/2025 12:00:00 AM,3450000,3719-476,Residential,-122.395459,37.789611,California,Active,09/25/2025 12:00:00 AM,"Contemporary, Luxury, Modern/High Tech","Bay, Hills, Bay Bridge, Panoramic, Park, San Francisco, Water, City Lights, Downtown",2018,94105,58A,,,,0
611 Washington Street,2,1,2,2879,San Francisco,San Francisco,84,09/06/2026 12:00:00 AM,0,,"Gym/ Exercise Facility, Pool",TRUE,3220,1,,,3999000,05/27/2026 12:00:00 AM,0.407,17722,0,SF426133783,05/27/2026 12:00:00 AM,3999000,0208-033,Residential,-122.403607,37.795235,California,Active,05/27/2026 12:00:00 AM,Luxury,"Bridge(s), City, Mountains, Bay Bridge, Panoramic, San Francisco, Water, City Lights, Downtown",1984,94111,2105,,,,2
2525 Van Ness Avenue,3,1,3,1951,San Francisco,San Francisco,,01/31/2027 12:00:00 AM,0,,"Barbecue Area, Roof Deck",TRUE,1238,0,,,3995000,09/10/2026 12:00:00 AM,0.253,11025,0,SF426155173,09/10/2026 12:00:00 AM,3995000,0527-109,Residential,-122.424354,37.79888,California,Active,09/10/2026 12:00:00 AM,"Luxury, Modern/High Tech","Bay, Golden Gate Bridge, Hills, City, San Francisco, Water",2024,94109,502,,,,7
1150 Sacramento Street,2,1,3,2617,San Francisco,San Francisco,43,12/30/2026 12:00:00 AM,0,,,TRUE,3127,0,,,3895000,07/07/2026 12:00:00 AM,0.341,14843,0,SF426142059,07/07/2026 12:00:00 AM,3895000,0222-050,Residential,-122.411814,37.792947,California,Active,07/07/2026 12:00:00 AM,"Luxury, Modern/High Tech",,1989,94108,101,,,,0
488 Folsom Street,2,1,2,1811,San Francisco,San Francisco,12,11/30/2026 12:00:00 AM,0,,"Club House, Gym/ Exercise Facility, Barbecue Area, Recreation Room, Roof Deck",TRUE,2463,0,,,3750000,08/07/2026 12:00:00 AM,,0,0,SF426151998,08/07/2026 12:00:00 AM,3750000,3737-152,Residential,-122.39456,37.787745,California,Active,08/07/2026 12:00:00 AM,"Luxury, Modern/High Tech","Bay, Bay Bridge, Panoramic, San Francisco, Water, City Lights",2019,94105,4905,,,,0
36 Meadow Drive,3,1,3,2486,San Francisco,San Francisco,14,11/30/2026 12:00:00 AM,0,,"Gym/ Exercise Facility, Barbecue Area, Roof Deck, Dog Park,",TRUE,2423,0,,,3595000,08/05/2026 12:00:00 AM,,0,0,SF426151707,08/05/2026 12:00:00 AM,3595000,8954-053,Residential,-122.367018,37.81084,California,Active,08/05/2026 12:00:00 AM,"Contemporary, Luxury, Modern/High Tech, Flat/Low Pitch","Bay, Golden Gate Bridge, Bridge(s), Mountains, Bay Bridge, Mt. Tamalpais, Panoramic, Park, Water, Garden/Greenbelt",0,94130,204,,,,0
706 Mission Street,2,1,2,2566,San Francisco,San Francisco,26,12/31/2026 12:00:00 AM,0,,"Club House, Gym/ Exercise Facility, Recreation Room, Security Gate(s)",TRUE,4805,0,,,3575000,07/24/2026 12:00:00 AM,,0,0,SF426149137,07/24/2026 12:00:00 AM,3575000,3706-326,Residential,-122.40257,37.78614,California,Active,07/24/2026 12:00:00 AM,"Contemporary, Luxury, Modern/High Tech","City, City Lights, Downtown",2021,94103,8B,,,,0
301 Mission Street,3,0,3,2706,San Francisco,San Francisco,118,12/31/2026 12:00:00 AM,0,,,TRUE,4023,0,,,3495000,04/23/2026 12:00:00 AM,1.163,50667,0,SF426123351,04/23/2026 12:00:00 AM,3495000,3719-348,Residential,-122.395932,37.790488,California,Active,04/23/2026 12:00:00 AM,Luxury,,2009,94105,50A,,,,0
1 Bristol Court,2,1,3,2044,San Francisco,San Francisco,71,10/31/2026 12:00:00 AM,0,,"Park, Gym/ Exercise Facility, Barbecue Area, Roof Deck, Dog Park, , Trail(s)",TRUE,1906,0,,,3240000,06/09/2026 12:00:00 AM,,0,0,SF426137767,06/09/2026 12:00:00 AM,3240000,8954-135,Residential,-122.365285,37.811408,California,Active,06/09/2026 12:00:00 AM,"Contemporary, Luxury, Modern/High Tech","Bay, Golden Gate Bridge, Bridge(s), Hills, Mountains, Panoramic, Water, City Lights",0,94130,403,,,,6
1 Steuart Ln ,2,0,2,1370,San Francisco,San Francisco,532,,0,,"Club House, Gym/ Exercise Facility, Sauna, Sauna/ Spa/ Hot Tub",TRUE,3024,1,(415) 294-8189,,3195000,03/05/2025 12:00:00 AM,0.469,20415,0,CC41087280,,4300000,3741-118,Residential,-122.391433,37.79167,California,Active,06/24/2026 12:00:00 AM,Other,,2021,94105,1103,,,,1
488 Folsom Street,2,1,2,1832,San Francisco,San Francisco,111,08/31/2026 12:00:00 AM,0,,"Club House, Gym/ Exercise Facility, Barbecue Area, Recreation Room, Roof Deck",TRUE,2469,0,,,3150000,04/30/2026 12:00:00 AM,,0,0,SF426126882,04/30/2026 12:00:00 AM,3150000,3737-165,Residential,-122.39456,37.787745,California,Active,04/30/2026 12:00:00 AM,"Luxury, Modern/High Tech","City, Other, Panoramic, San Francisco, Twin Peaks, City Lights",2019,94105,5203,,,,0
4135 California Street,3,0,2,1925,San Francisco,San Francisco,68,11/30/2026 12:00:00 AM,1,,Security Gate(s),TRUE,930,1,,,2995000,06/12/2026 12:00:00 AM,0.123,5370,0,SF426138815,06/12/2026 12:00:00 AM,2995000,1363-062,Residential,-122.462087,37.785122,California,Active,06/12/2026 12:00:00 AM,"Luxury, Modern/High Tech","City, San Francisco, Twin Peaks, City Lights",2026,94118,4,,,,4
301 Mission Street,3,0,2,1952,San Francisco,San Francisco,121,09/01/2026 12:00:00 AM,0,,,TRUE,3686,0,(415) 874-4700,,2995000,04/20/2026 12:00:00 AM,1.163,50667,0,SF426122869,04/20/2026 12:00:00 AM,2995000,3719-317,Residential,-122.396153,37.790382,California,Active,04/20/2026 12:00:00 AM,Luxury,,2009,94109,43D,,,,0
188 Minna Street,2,1,2,1792,San Francisco,San Francisco,201,12/31/2026 12:00:00 AM,0,,"Club House, Gym/ Exercise Facility, Pool, Roof Deck, Sauna/ Spa/ Hot Tub",TRUE,3828,1,,,2995000,01/30/2026 12:00:00 AM,0.759,33056,0,SF425092670,01/30/2026 12:00:00 AM,3250000,UNDE-FINED,Residential,-122.401331,37.786223,California,Active,01/30/2026 12:00:00 AM,"Contemporary, Luxury, Modern/High Tech","Bay, City, Other, Panoramic, San Francisco, Twin Peaks, Water, City Lights",2005,94105,34D,,,,0
37 Meadow Drive,3,1,3,2331,San Francisco,San Francisco,145,08/31/2026 12:00:00 AM,0,,"Park, Gym/ Exercise Facility, Roof Deck, Dog Park, , Trail(s)",TRUE,2365,1,,,2895000,03/10/2026 12:00:00 AM,,0,0,SF426110503,03/10/2026 12:00:00 AM,2895000,8954-024,Residential,-122.36686,37.810766,California,Active,03/10/2026 12:00:00 AM,"Contemporary, Luxury, Modern/High Tech","Bay, Golden Gate Bridge, Hills, Mountains, Mt. Tamalpais, Panoramic, Park, Water, Forest/Woods, City Lights",0,94130,3,,,,3
765 Market Street,2,1,2,1762,San Francisco,San Francisco,202,11/30/2026 12:00:00 AM,0,,,TRUE,3800,0,,,2850000,01/29/2026 12:00:00 AM,1.381,60150,0,SF426098779,01/29/2026 12:00:00 AM,3200000,3706-197,Residential,-122.404552,37.78635,California,Active,01/29/2026 12:00:00 AM,"Contemporary, Luxury","Bay, City, San Francisco, Water, City Lights, Downtown",2001,94103,30G,,,,0
2655 Bush Street,2,0,3,1600,San Francisco,San Francisco,,12/31/2026 12:00:00 AM,,,,TRUE,1212,2,,,2750000,05/29/2026 12:00:00 AM,,,0,ML82049157,05/29/2026 3:59:20 PM,2750000,1052-071,Residential,-122.440848,37.785792,California,Active,05/29/2026 3:59:20 PM,,,2017,94115,201,,,,1
764 Clayton Street,3,1,4,2255,San Francisco,San Francisco,9,12/31/2026 12:00:00 AM,0,,,TRUE,,1,,,2695000,08/10/2026 12:00:00 AM,0.061,2650,0,SF426152278,08/10/2026 12:00:00 AM,2695000,1254-125,Residential,-122.447961,37.767713,California,Active,08/10/2026 12:00:00 AM,,,1895,94117,,,,,2
999 Green Street,2,0,2,1681,San Francisco,San Francisco,100,09/30/2026 12:00:00 AM,0,,,TRUE,3338,1,,,2695000,05/11/2026 12:00:00 AM,,0,0,SF426100185,05/11/2026 12:00:00 AM,2895000,0127-087,Residential,-122.415262,37.798475,California,Active,05/11/2026 12:00:00 AM,Luxury,,1964,94133,2104,,,,0
999 Green Street,2,0,1,1473,San Francisco,San Francisco,,01/01/2027 12:00:00 AM,1,,,TRUE,2521,1,,,2695000,12/31/2026 12:00:00 AM,0.328,14264,0,SF425044739,12/31/2026 12:00:00 AM,2695000,0127-049,Residential,-122.415249,37.79848,California,Active,12/31/2026 12:00:00 AM,"Contemporary, Luxury, Modern/High Tech","Bay, City, Mountains, Panoramic, San Francisco, Water, City Lights",1964,94133,1401,,,,0
219 Missouri Street,4,0,4,1904,San Francisco,San Francisco,,11/28/2026 12:00:00 AM,0,,,TRUE,600,0,,,2500000,10/28/2026 12:00:00 AM,0.064,2800,0,SF426129320,10/28/2026 12:00:00 AM,2500000,4002-022,Residential,-122.396397,37.763558,California,Active,10/28/2026 12:00:00 AM,"Custom, Luxury",,2026,94107,,,,,0
488 Folsom Street,2,0,2,1544,San Francisco,San Francisco,,05/31/2027 12:00:00 AM,0,,"Gym/ Exercise Facility, Barbecue Area, Pool, Roof Deck",TRUE,2388,0,,,2398000,10/31/2026 12:00:00 AM,1.142,49754,0,SF426141893,10/31/2026 12:00:00 AM,2398000,3737-064,Residential,-122.39456,37.787745,California,Active,10/31/2026 12:00:00 AM,"Contemporary, Luxury, Modern/High Tech","Bay, San Francisco, Twin Peaks, City Lights, Downtown",2019,94105,3404,,,,0
40 Annapolis Terrace,3,0,3,1840,San Francisco,San Francisco,6,08/13/2027 12:00:00 AM,0,,,TRUE,300,1,,,2395000,08/13/2026 12:00:00 AM,0.057,2500,0,SF426148341,08/13/2026 12:00:00 AM,2395000,1163-044,Residential,-122.447604,37.777942,California,Active,08/13/2026 12:00:00 AM,,,1939,94118,,,,,2
2171 Sacramento Street,2,0,3,1900,San Francisco,San Francisco,6,12/31/2026 12:00:00 AM,1,,,TRUE,1182,1,,,2395000,08/13/2026 12:00:00 AM,0.127,5538,0,SF426152905,08/13/2026 12:00:00 AM,2395000,0639-029,Residential,-122.428515,37.790195,California,Active,08/13/2026 12:00:00 AM,"Luxury, Other","City, Other, Park, San Francisco, Twin Peaks, City Lights",1970,94109,13,,,,0
188 Minna Street,2,1,2,1670,San Francisco,San Francisco,33,12/31/2026 12:00:00 AM,0,,,TRUE,3743,0,(415) 284-4090,,2395000,07/17/2026 12:00:00 AM,0.759,33056,0,SF426122156,07/17/2026 12:00:00 AM,2395000,3722-321,Residential,-122.401331,37.786223,California,Active,07/17/2026 12:00:00 AM,Modern/High Tech,City,2005,94105,32C,,,,0
239 Brannan Street,3,0,3,1645,San Francisco,San Francisco,424,08/31/2026 12:00:00 AM,0,,"Gym/ Exercise Facility, Barbecue Area, Pool",TRUE,1862,1,(415) 348-0092,,2395000,05/30/2025 12:00:00 AM,1.905,82966,0,SF425037091,05/30/2025 12:00:00 AM,2395000,3789-827,Residential,-122.390752,37.782604,California,Active,05/30/2025 12:00:00 AM,,"Bridge(s), City, Bay Bridge, Water",2002,94107,14A,,,,14
2949 Jackson Street,2,0,3,1722,San Francisco,San Francisco,2,10/31/2026 12:00:00 AM,1,,,TRUE,839,2,,,2375000,08/17/2026 12:00:00 AM,0.074,3214,0,SF426155202,08/17/2026 12:00:00 AM,2375000,981,Residential,-122.443581,37.791048,California,Active,08/17/2026 12:00:00 AM,"Art Deco, Flat/Low Pitch, Vintage","City, Other, Panoramic, San Francisco, Twin Peaks, City Lights",1939,94115,,,,,0
170 Pacific Avenue,3,0,3,1826,San Francisco,San Francisco,14,10/31/2026 12:00:00 AM,0,,None,TRUE,1879,0,,,2358000,08/05/2026 12:00:00 AM,2.057,89586,0,SF426152095,08/05/2026 12:00:00 AM,2358000,0167-031,Residential,-122.399627,37.798289,California,Active,08/05/2026 12:00:00 AM,,"City, City Lights",1986,94111,31,,,,0
1388 Gough Street,3,0,3,2708,San Francisco,San Francisco,87,08/31/2026 12:00:00 AM,0,,,TRUE,3700,0,,,2300000,05/24/2026 12:00:00 AM,0.575,25061,0,SF426107911,05/24/2026 12:00:00 AM,2600000,0696-094,Residential,-122.424516,37.785943,California,Active,05/24/2026 12:00:00 AM,Luxury,,1992,94109,1301,,,,0
488 Folsom Street,2,0,2,1142,San Francisco,San Francisco,12,02/28/2027 12:00:00 AM,0,,"Gym/ Exercise Facility, Barbecue Area, Pool, Roof Deck",TRUE,2274,0,,,2298000,08/07/2026 12:00:00 AM,1.142,49754,0,SF426151281,08/07/2026 12:00:00 AM,2298000,3737-126,Residential,-122.39456,37.787745,California,Active,08/07/2026 12:00:00 AM,"Contemporary, Luxury","Bay, City, Bay Bridge, San Francisco, Water",2019,94105,4406,,,,0
425 1st Street,2,0,2,1309,San Francisco,San Francisco,7,12/31/2026 12:00:00 AM,0,,"Gym/ Exercise Facility, Other, Barbecue Area, Pool, Recreation Room, Sauna/ Spa/ Hot Tub",TRUE,1697,0,(949) 450-0202,,2295000,08/12/2026 12:00:00 AM,1.286,56024,0,SF426145829,08/12/2026 12:00:00 AM,2295000,3765-314,Residential,-122.392043,37.786014,California,Active,08/12/2026 12:00:00 AM,"Contemporary, Luxury","Bay, Bay Bridge, Other, Panoramic, City Lights",2008,94105,4402,,,,0
4738 25th Street,3,0,4,1894,San Francisco,San Francisco,5,12/31/2026 12:00:00 AM,1,,,TRUE,172,1,,,2295000,08/14/2026 12:00:00 AM,0.039,1695,0,SF426146449,08/14/2026 12:00:00 AM,2295000,6501-066,Residential,-122.442281,37.749433,California,Active,08/14/2026 12:00:00 AM,"Contemporary, Luxury","City, San Francisco, Downtown, Garden/Greenbelt",1996,94114,,,,,2
942 South Van Ness Avenue,3,1,3,1890,San Francisco,San Francisco,32,09/18/2026 12:00:00 AM,1,,,TRUE,525,1,,,2295000,06/12/2026 12:00:00 AM,0.1,4340,0,SF426139171,06/12/2026 12:00:00 AM,1995000,0000-000,Residential,-122.417188,37.758024,California,Active,06/12/2026 12:00:00 AM,,,1910,94110,,,,,0
30 Prescott Court,2,0,3,1772,San Francisco,San Francisco,,02/27/2027 12:00:00 AM,0,,,TRUE,400,0,,,2250000,12/24/2026 12:00:00 AM,0.03,1300,0,SF426155398,12/24/2026 12:00:00 AM,2250000,0143-052,Residential,-122.403097,37.798875,California,Active,12/24/2026 12:00:00 AM,Luxury,,1907,94133,,,,,0
1 South Park Street,2,0,3,1585,San Francisco,San Francisco,100,09/30/2026 12:00:00 AM,0,,Other,TRUE,988,0,,,2200000,05/11/2026 12:00:00 AM,0.385,16754,0,SF426121412,05/11/2026 12:00:00 AM,2300000,3775-216,Residential,-122.392875,37.782055,California,Active,05/11/2026 12:00:00 AM,Luxury,,2007,94107,411,,,,0
301 Main Street,2,0,2,1268,San Francisco,San Francisco,,10/27/2027 12:00:00 AM,0,,"Club House, Gym/ Exercise Facility, Pool, Sauna",TRUE,1406,0,(415) 369-9888,,2199000,03/17/2027 12:00:00 AM,1.75,76210,0,SF426140308,03/17/2027 12:00:00 AM,2199000,3745-373,Residential,-122.391375,37.789133,California,Active,03/17/2027 12:00:00 AM,Contemporary,"Bay, City, San Francisco, Water, City Lights",2008,94105,36A,,,,0
2755 McAllister Street,2,0,3,1804,San Francisco,San Francisco,,12/31/2026 12:00:00 AM,0,,,TRUE,652,1,,,2195000,08/21/2026 12:00:00 AM,0.077,3368,0,SF426155511,08/21/2026 12:00:00 AM,2195000,1168-059,Residential,-122.457547,37.77526,California,Active,08/21/2026 12:00:00 AM,"Contemporary, Luxury",,2018,94118,,,,,0
1423 Golden Gate Avenue,2,0,3,1703,San Francisco,San Francisco,2,12/31/2026 12:00:00 AM,2,,,TRUE,600,1,,,2195000,08/17/2026 12:00:00 AM,0.06,2618,0,SF426155178,08/17/2026 12:00:00 AM,2195000,0775-027,Residential,-122.434088,37.77911,California,Active,08/17/2026 12:00:00 AM,"Victorian, Flat/Low Pitch",City,1890,94115,,,,,0
301 Mission Street,2,1,2,1861,San Francisco,San Francisco,149,12/31/2026 12:00:00 AM,0,,,TRUE,3646,0,(415) 874-4701,,2195000,03/23/2026 12:00:00 AM,1.163,50667,0,SF426112313,03/23/2026 12:00:00 AM,2395000,3719-220,Residential,-122.395932,37.790488,California,Active,03/23/2026 12:00:00 AM,Luxury,,2009,94105,27C,,,,0
38 Meadow Drive,3,1,3,2518,San Francisco,San Francisco,162,08/31/2026 12:00:00 AM,0,,"Park, Gym/ Exercise Facility, Roof Deck, Dog Park, , Trail(s)",TRUE,2403,1,,,2195000,03/10/2026 12:00:00 AM,,0,0,SF426110461,03/10/2026 12:00:00 AM,2195000,8954-040,Residential,-122.366833,37.81084,California,Active,03/10/2026 12:00:00 AM,"Contemporary, Luxury, Modern/High Tech","Bay, Hills, Mountains, Bay Bridge, Panoramic, Park, Water, Forest/Woods, City Lights",0,94130,6,,,,3
650 Delancey Street,2,0,2,1619,San Francisco,San Francisco,26,10/31/2026 12:00:00 AM,0,,,TRUE,975,2,(415) 345-1270,,2175000,07/24/2026 12:00:00 AM,1.422,61922,0,SF426149175,07/24/2026 12:00:00 AM,2175000,3789-456,Residential,-122.389311,37.783123,California,Active,07/24/2026 12:00:00 AM,Luxury,City,1996,94107,203,,,,0
38 Meadow Drive,2,1,2,2239,San Francisco,San Francisco,71,10/31/2026 12:00:00 AM,0,,"Park, Gym/ Exercise Facility, Roof Deck, Dog Park, , Trail(s)",TRUE,2347,1,,,2100000,06/09/2026 12:00:00 AM,,0,0,SF426137775,06/09/2026 12:00:00 AM,2100000,8954-043,Residential,-122.365532,37.810965,California,Active,06/09/2026 12:00:00 AM,"Contemporary, Luxury, Modern/High Tech","Bay, Hills, Mountains, Bay Bridge, Panoramic, Park, Water, Forest/Woods, City Lights",0,94130,5,,,,3
875 California Street,2,0,2,1474,San Francisco,San Francisco,71,10/31/2026 12:00:00 AM,0,,,TRUE,2534,0,,,2100000,06/09/2026 12:00:00 AM,0.357,15549,0,SF426137874,06/09/2026 12:00:00 AM,2200000,0256-089,Residential,-122.408721,37.791805,California,Active,06/09/2026 12:00:00 AM,"Luxury, Modern/High Tech",Other,2021,94108,202,,,,0
1160 Mission Street,3,0,4,2371,San Francisco,San Francisco,15,11/30/2026 12:00:00 AM,0,,"Club House, Gym/ Exercise Facility, Barbecue Area",TRUE,2703,0,,,2099000,08/04/2026 12:00:00 AM,1,43557,0,SF426152171,08/04/2026 12:00:00 AM,2099000,3702-300,Residential,-122.412221,37.778375,California,Active,08/04/2026 12:00:00 AM,,,2008,94103,2306,,,,0
88 King ,2,0,1,1369,San Francisco,San Francisco,20,07/03/2027 12:00:00 AM,,,"Club House, Additional Storage, Gym/ Exercise Facility, Other, Barbecue Area, Pool, Picnic Area, Sauna, Game Room, , Sauna/ Spa/ Hot Tub, Conference Facilities",TRUE,1500,1,(415) 541-9911,,2099000,07/30/2026 12:00:00 AM,1.886,82157,0,CRPW26166867,,2099000,3793198,Residential,-122.389247,37.780588,California,Active,02/03/2026 12:00:00 AM,,Bay,2000,94107,1022,,,,1
301 Main Street,2,0,2,1317,San Francisco,San Francisco,,12/31/2026 12:00:00 AM,0,,"Club House, Gym/ Exercise Facility, Other, Pool, Sauna",TRUE,1306,0,(415) 369-9888,,2000000,12/01/2026 12:00:00 AM,1.75,76210,0,SF425059033,12/01/2026 12:00:00 AM,2000000,3745-298,Residential,-122.391197,37.789597,California,Active,12/01/2026 12:00:00 AM,Contemporary,"Bay, City, Bay Bridge, Water, City Lights",2008,94105,24B,,,,0
1951 Golden Gate Ave ,2,0,3,1500,San Francisco,San Francisco,,,1,,Other,TRUE,400,1,(000) 000-0000,,1995000,08/18/2026 12:00:00 AM,0.09,4188,0,CC41145384,,1995000,1158-049,Residential,-122.442789,37.777874,California,Active,08/18/2026 12:00:00 AM,Traditional,San Francisco,1908,94115,,,,,2
1 Steuart Lane,1,1,1,1133,San Francisco,San Francisco,147,09/02/2026 12:00:00 AM,0,,,TRUE,2917,0,,,1995000,03/25/2026 12:00:00 AM,0.469,20415,0,SF426114614,03/25/2026 12:00:00 AM,1995000,3741-053,Residential,-122.391446,37.791659,California,Active,03/25/2026 12:00:00 AM,Luxury,,2021,94123,302,,,,0
219 Brannan Street,2,0,2,1224,San Francisco,San Francisco,188,01/24/2027 12:00:00 AM,0,,,TRUE,1771,0,,,1980000,02/12/2026 12:00:00 AM,1.905,82966,0,SF426103778,02/12/2026 12:00:00 AM,2150000,3789-638,Residential,-122.390364,37.782627,California,Active,02/12/2026 12:00:00 AM,,,2000,94107,16K,,,,0
310 Carolina Street,2,1,2,1242,San Francisco,San Francisco,,11/01/2026 12:00:00 AM,0,,,TRUE,711,0,,,1950000,10/01/2026 12:00:00 AM,0.292,12734,0,SF426153895,10/01/2026 12:00:00 AM,1950000,3980-112,Residential,-122.400814,37.764775,California,Active,10/01/2026 12:00:00 AM,,,2015,94107,404,,,,0
235 Berry Street,3,0,3,1910,San Francisco,San Francisco,5,12/31/2026 12:00:00 AM,0,,,TRUE,1144,0,,,1950000,08/14/2026 12:00:00 AM,0.986,42959,0,SF426125661,08/14/2026 12:00:00 AM,1950000,8708-125,Residential,-122.394176,37.774766,California,Active,08/14/2026 12:00:00 AM,,,2007,94158,115,,,,2
690 Market Street,2,1,2,1865,San Francisco,San Francisco,176,08/31/2026 12:00:00 AM,1,,"Club House, Gym/ Exercise Facility, Recreation Room, Roof Deck",TRUE,3955,0,,,1949000,02/24/2026 12:00:00 AM,0.261,11357,0,SF426099780,02/24/2026 12:00:00 AM,2200000,0311-119,Residential,-122.403065,37.788229,California,Active,02/24/2026 12:00:00 AM,"Luxury, Modern/High Tech","Bay, City, San Francisco, Water, City Lights, Downtown",2007,94104,2404,,,,0
301 Mission Street,2,0,2,1680,San Francisco,San Francisco,166,10/31/2026 12:00:00 AM,0,,,TRUE,3666,0,,,1900000,03/06/2026 12:00:00 AM,1.163,50667,0,SF426109470,03/06/2026 12:00:00 AM,1900000,3719-330,Residential,-122.395932,37.790488,California,Active,03/06/2026 12:00:00 AM,,,2009,94105,46E,,,,0
1829 15th Street,3,0,3,1543,San Francisco,San Francisco,2,02/16/2027 12:00:00 AM,1,,,TRUE,941,1,,,1899000,08/17/2026 12:00:00 AM,,,0,ML82057920,08/17/2026 1:14:08 AM,1899000,3556-258,Residential,-122.424866,37.766031,California,Active,08/17/2026 1:14:08 AM,,"City Lights, Hills, Neighborhood",2000,94103,4,Mita Parikh No 1,,,1
3044 Franklin Street,2,0,3,1650,San Francisco,San Francisco,19,10/31/2026 12:00:00 AM,1,,,TRUE,870,0,,,1895000,07/31/2026 12:00:00 AM,0.122,5328,0,SF426121180,07/31/2026 12:00:00 AM,1895000,0479-019,Residential,-122.426198,37.802727,California,Active,07/31/2026 12:00:00 AM,Contemporary,,1975,94123,202,,,,0
1 Bristol Court,2,1,2,1406,San Francisco,San Francisco,71,10/31/2026 12:00:00 AM,0,,"Park, Gym/ Exercise Facility, Barbecue Area, Recreation Room, Roof Deck, Dog Park, , Trail(s)",TRUE,1848,0,,,1890000,06/09/2026 12:00:00 AM,,0,0,SF426137761,06/09/2026 12:00:00 AM,1890000,8954-085,Residential,-122.365285,37.811408,California,Active,06/09/2026 12:00:00 AM,"Contemporary, Modern/High Tech","Bay, Bridge(s), Hills, Mountains, Panoramic, Water, City Lights",0,94130,206,,,,6
989 Sutter Street,3,1,4,2125,San Francisco,San Francisco,,08/10/2027 12:00:00 AM,2,,Security Gate(s),TRUE,647,1,,,1888000,09/10/2026 12:00:00 AM,0.05,2188,0,SF426151712,09/10/2026 12:00:00 AM,1888000,0300-234,Residential,-122.41653,37.788018,California,Active,09/10/2026 12:00:00 AM,Modern/High Tech,City,2013,94109,2,,,,0
734 Masonic Avenue,1,0,2,1482,San Francisco,San Francisco,,12/31/2026 12:00:00 AM,1,,,TRUE,450,0,,,1850000,10/05/2026 12:00:00 AM,0.049,2121,0,SF426153825,10/05/2026 12:00:00 AM,1850000,1197-036,Residential,-122.445904,37.774298,California,Active,10/05/2026 12:00:00 AM,Edwardian,Garden/Greenbelt,1912,94117,,,,,0
454 Collingwood Street,1,0,1,1004,San Francisco,San Francisco,,05/31/2027 12:00:00 AM,0,,,TRUE,,1,,,1850000,05/30/2027 12:00:00 AM,0.071,3075,0,SF426124739,05/30/2027 12:00:00 AM,1850000,2769-052,Residential,-122.435809,37.755136,California,Active,05/30/2027 12:00:00 AM,Luxury,"Other, Twin Peaks",1947,94114,,,,,0
401 Harrison Street,2,0,2,1311,San Francisco,San Francisco,210,08/31/2026 12:00:00 AM,0,,"Club House, Gym/ Exercise Facility, Barbecue Area, Pool, Recreation Room, Sauna/ Spa/ Hot Tub",TRUE,1888,0,,,1799000,01/21/2026 12:00:00 AM,1.286,56023,0,SF426096610,01/21/2026 12:00:00 AM,1875000,3765-522,Residential,-122.392219,37.786546,California,Active,01/21/2026 12:00:00 AM,Luxury,"Panoramic, Twin Peaks, City Lights, Downtown",2014,94105,18B,,,,0
435 China Basin Boulevard,2,0,2,1429,San Francisco,San Francisco,,12/31/2026 12:00:00 AM,0,,"Club House, Gym/ Exercise Facility, Barbecue Area, Pool, Sauna, Sauna/ Spa/ Hot Tub",TRUE,1438,0,,,1798000,09/09/2026 12:00:00 AM,2.821,122891,0,SF426155105,09/09/2026 12:00:00 AM,1798000,8720-202,Residential,-122.388573,37.771886,California,Active,09/09/2026 12:00:00 AM,Luxury,"Bay, Mountains, Other, Park, Twin Peaks, Water",2012,94158,341,,,,0
325 Berry Street,2,0,2,1477,San Francisco,San Francisco,,12/31/2026 12:00:00 AM,0,,,TRUE,1174,1,(415) 742-9788,,1798000,09/15/2026 12:00:00 AM,0.956,41654,0,SF426153951,09/15/2026 12:00:00 AM,1798000,8707-021,Residential,-122.395666,37.77337,California,Active,09/15/2026 12:00:00 AM,Contemporary,Water,2007,94158,114,,,,0
27 Ford Street,2,0,2,1423,San Francisco,San Francisco,,10/31/2026 12:00:00 AM,1,,,TRUE,,1,,,1795000,08/19/2026 12:00:00 AM,0.065,2848,0,SF426155638,08/19/2026 12:00:00 AM,1795000,3581-115,Residential,-122.431339,37.761825,California,Active,08/19/2026 12:00:00 AM,Edwardian,"Hills, Other, Twin Peaks",1908,94114,,,,,3
690 Market Street,2,1,2,2090,San Francisco,San Francisco,49,06/30/2027 12:00:00 AM,0,,"Club House, Gym/ Exercise Facility, Recreation Room",TRUE,3955,0,(415) 781-9000,,1795000,07/01/2026 12:00:00 AM,0.261,11358,0,SF426146382,07/01/2026 12:00:00 AM,1795000,0311-056,Residential,-122.403065,37.788229,California,Active,07/01/2026 12:00:00 AM,,"City, San Francisco, City Lights, Downtown",2007,94104,905,,,,0
300 Channel Street,3,0,3,1780,San Francisco,San Francisco,,12/31/2026 12:00:00 AM,0,,,TRUE,1183,0,,,1749000,09/29/2026 12:00:00 AM,4.053,176545,0,SF426147746,09/29/2026 12:00:00 AM,1749000,8710-002,Residential,-122.395268,37.771817,California,Active,09/29/2026 12:00:00 AM,,,0,94158,14,,,,0
718 Long Bridge Street,2,0,2,1353,San Francisco,San Francisco,,12/31/2026 12:00:00 AM,0,,"Garden/ Greenbelt/ Trails, Gym/ Exercise Facility, Barbecue Area, Playground, Pool, Recreation Room, Roof Deck, Dog Park, Sauna, Sauna/ Spa/ Hot Tub",TRUE,1664,0,,,1748000,09/30/2026 12:00:00 AM,1.948,84866,0,SF426155414,09/30/2026 12:00:00 AM,1748000,8710-106,Residential,-122.394445,37.771387,California,Active,09/30/2026 12:00:00 AM,"Luxury, Modern/High Tech","City, San Francisco, Twin Peaks, City Lights",2016,94158,506,,,,0
235 Berry Street,2,0,2,1370,San Francisco,San Francisco,6,11/13/2026 12:00:00 AM,,,,TRUE,1083,0,,,1699000,08/13/2026 12:00:00 AM,,,0,ML82057349,08/13/2026 12:00:00 AM,1699000,8708-188,Residential,-122.394089,37.774703,California,Active,08/11/2026 4:21:17 PM,,,2007,94158,607,,,,
1000 3rd Street,2,0,2,1218,San Francisco,San Francisco,,12/31/2026 12:00:00 AM,0,,"Gym/ Exercise Facility, Barbecue Area, Pool, Recreation Room, Sauna, Sauna/ Spa/ Hot Tub",TRUE,1081,0,,,1698000,08/21/2026 12:00:00 AM,1.056,46014,0,SF426142824,08/21/2026 12:00:00 AM,1698000,8715-183,Residential,-122.390316,37.775573,California,Active,08/21/2026 12:00:00 AM,Luxury,"Twin Peaks, Water, Garden/Greenbelt",2018,94158,1305,,,,0
650 2nd Street,2,0,1,1794,San Francisco,San Francisco,,12/31/2026 12:00:00 AM,0,,,TRUE,927,0,,,1695000,09/22/2026 12:00:00 AM,0.235,10238,0,SF426154820,09/22/2026 12:00:00 AM,1695000,3788-062,Residential,-122.391551,37.780927,California,Active,09/22/2026 12:00:00 AM,,,1996,94107,404,,,,0
199 Chestnut Street,1,0,1,1014,San Francisco,San Francisco,,11/20/2026 12:00:00 AM,1,,,TRUE,850,0,,,1695000,11/18/2026 12:00:00 AM,0.063,2750,0,SF426108123,11/18/2026 12:00:00 AM,1695000,0060-019,Residential,-122.406617,37.804411,California,Active,11/18/2026 12:00:00 AM,,,1930,94133,4,,,,0
301 Mission Street,2,0,2,1517,San Francisco,San Francisco,168,08/26/2026 12:00:00 AM,0,,,TRUE,3790,0,,,1695000,03/04/2026 12:00:00 AM,1.163,50667,0,SF426108795,03/04/2026 12:00:00 AM,1695000,3719-290,Residential,-122.395932,37.790488,California,Active,03/04/2026 12:00:00 AM,,,2009,94105,39A,,,,0
354 Sanchez Street,2,0,2,1232,San Francisco,San Francisco,,12/31/2026 12:00:00 AM,1,,"Garden/ Greenbelt/ Trails, Security Gate(s)",TRUE,400,0,,,1655000,10/15/2026 12:00:00 AM,0.057,2500,0,SF426154108,10/15/2026 12:00:00 AM,1655000,3564-127,Residential,-122.431131,37.763455,California,Active,10/15/2026 12:00:00 AM,"Luxury, Victorian",,1900,94114,,,,,1
201 Folsom Street,2,0,2,1191,San Francisco,San Francisco,1,12/31/2026 12:00:00 AM,,,"Barbecue Area, Club House, Pool, Concierge, Door Person, Elevator(s), Exercise Course, Gym/ Exercise Facility, Playground, Recreation Room, Roof Deck, Sauna/ Spa/ Hot Tub, Trash Chute",TRUE,1425,1,,,1650000,08/18/2026 12:00:00 AM,,,0,ML82058091,08/18/2026 12:37:41 PM,1650000,3746414,Residential,-122.391838,37.788732,California,Active,08/18/2026 12:37:41 PM,,,2016,94103,4F,,,,
501 Beale Street,2,0,2,1161,San Francisco,San Francisco,29,12/31/2026 12:00:00 AM,0,,"Gym/ Exercise Facility, Pool",TRUE,1532,0,,,1650000,07/21/2026 12:00:00 AM,0.519,22594,0,SF426148428,07/21/2026 12:00:00 AM,1650000,3771-092,Residential,-122.389116,37.786253,California,Active,07/21/2026 12:00:00 AM,Luxury,,2006,94105,15H,,,,0
1000 3rd Street,2,0,2,0,San Francisco,San Francisco,110,08/31/2026 12:00:00 AM,0,,"Club House, Garden/ Greenbelt/ Trails, Gym/ Exercise Facility, Pool, Recreation Room, Sauna/ Spa/ Hot Tub",TRUE,1008,0,,,1650000,05/01/2026 12:00:00 AM,1.056,46014,0,SF426125689,05/01/2026 12:00:00 AM,1650000,8715-175,Residential,-122.390316,37.775573,California,Active,05/01/2026 12:00:00 AM,"Luxury, Modern/High Tech","Bay Bridge, Panoramic, Water, Downtown",2018,94158,1204,,,,0
1177 California Street,2,0,2,1660,San Francisco,San Francisco,203,09/23/2026 12:00:00 AM,0,,,TRUE,2848,1,,,1650000,01/28/2026 12:00:00 AM,0.727,31662,0,SF426098370,01/28/2026 12:00:00 AM,1750000,0253-A057,Residential,-122.41362,37.791326,California,Active,01/28/2026 12:00:00 AM,Luxury,,1978,94108,1210,,,,0
1880 Steiner Street,2,0,2,1569,San Francisco,San Francisco,,12/15/2026 12:00:00 AM,0,,,TRUE,1205,0,,,1649000,09/01/2026 12:00:00 AM,0.407,17706,0,SF426155539,09/01/2026 12:00:00 AM,1649000,0678-155,Residential,-122.434603,37.78671,California,Active,09/01/2026 12:00:00 AM,,,1999,94115,404,,,,0
708 Long Bridge Street,2,0,2,1237,San Francisco,San Francisco,1,02/28/2027 12:00:00 AM,0,,"Gym/ Exercise Facility, Pool, Sauna/ Spa/ Hot Tub",TRUE,1696,1,(415) 552-5632,,1648000,08/18/2026 12:00:00 AM,1.948,84866,0,SF426155475,08/18/2026 12:00:00 AM,1648000,8710-183,Residential,-122.393767,37.771939,California,Active,08/18/2026 12:00:00 AM,Flat/Low Pitch,City,2016,94158,908,,,,0
200 Brannan Street,2,0,2,1500,San Francisco,San Francisco,,01/31/2027 12:00:00 AM,0,,"Garden/ Greenbelt/ Trails, Gym/ Exercise Facility",TRUE,1121,0,,,1600000,09/04/2026 12:00:00 AM,1.674,72899,0,SF426152008,09/04/2026 12:00:00 AM,1600000,3774-292,Residential,-122.390316,37.783618,California,Active,09/04/2026 12:00:00 AM,Luxury,Garden/Greenbelt,2004,94107,205,,,,0
44 San Antonio Place,1,1,2,1099,San Francisco,San Francisco,26,11/24/2026 12:00:00 AM,0,,Security Gate(s),TRUE,428,1,,,1595000,07/24/2026 12:00:00 AM,0.039,1716,0,SF426143077,07/24/2026 12:00:00 AM,1595000,0132-001B,Residential,-122.406232,37.799494,California,Active,07/24/2026 12:00:00 AM,"Contemporary, Luxury, Other","Bay, Golden Gate Bridge, Hills, City, Mt. Tamalpais, San Francisco, City Lights",1955,94133,,,,,0
101 Lombard Street,2,0,2,1532,San Francisco,San Francisco,0,11/27/2026 12:00:00 AM,0,,"Club House, Barbecue Area, Pool",TRUE,1784,0,(415) 956-8101,,1550000,08/19/2026 12:00:00 AM,2.604,113438,0,SF426155538,08/19/2026 12:00:00 AM,1550000,0080-063,Residential,-122.404087,37.803828,California,Active,08/19/2026 12:00:00 AM,"Contemporary, Luxury",,1983,94111,303W,,,,0
39 San Carlos Street,2,0,3,1150,San Francisco,San Francisco,12,12/31/2026 12:00:00 AM,1,,,TRUE,559,1,,,1550000,08/07/2026 12:00:00 AM,0.046,2000,0,SF426152552,08/07/2026 12:00:00 AM,1550000,3576-168,Residential,-122.419995,37.762161,California,Active,08/07/2026 12:00:00 AM,"Luxury, Modern/High Tech, Flat/Low Pitch","City, Other, Panoramic, San Francisco, City Lights, Downtown",2015,94110,401,,,,4
1720 Clay Street,2,1,2,1675,San Francisco,San Francisco,,10/25/2026 12:00:00 AM,1,,,TRUE,989,0,,,1550000,09/30/2026 12:00:00 AM,,0,0,SF426142252,09/30/2026 12:00:00 AM,1550000,0619-031,Residential,-122.4216,37.792528,California,Active,09/30/2026 12:00:00 AM,,,2000,94109,14,,,,0
181 Fremont Street,1,0,1,580,San Francisco,San Francisco,68,10/31/2027 12:00:00 AM,0,,"Club House, Gym/ Exercise Facility",TRUE,3618,0,(415) 282-0888,,1550000,06/12/2026 12:00:00 AM,0.352,15312,0,SF426134788,06/12/2026 12:00:00 AM,1550000,3719-462,Residential,-122.395453,37.789653,California,Active,06/12/2026 12:00:00 AM,"Contemporary, Luxury, Modern/High Tech","Other, San Francisco, Twin Peaks, Water, City Lights, Downtown",2018,94105,54-L,,,,0
1 Bristol Court,2,0,2,1411,San Francisco,San Francisco,84,08/31/2026 12:00:00 AM,0,,"Park, Gym/ Exercise Facility, Barbecue Area, Recreation Room, Roof Deck, Dog Park, , Trail(s)",TRUE,1848,0,,,1550000,05/27/2026 12:00:00 AM,,0,0,SF426134326,05/27/2026 12:00:00 AM,1550000,8954-175,Residential,-122.365285,37.811408,California,Active,05/27/2026 12:00:00 AM,"Contemporary, Modern/High Tech","Bay, Hills, Mountains, Panoramic, Water, Forest/Woods",0,94130,521,,,,6
301 Main Street,2,0,2,1307,San Francisco,San Francisco,27,12/31/2026 12:00:00 AM,0,,"Club House, Gym/ Exercise Facility, Pool, Recreation Room, Sauna",TRUE,1411,0,(415) 369-9888,,1549000,07/23/2026 12:00:00 AM,1.75,76210,0,SF426149131,07/23/2026 12:00:00 AM,1549000,3745-198,Residential,-122.391375,37.789133,California,Active,07/23/2026 12:00:00 AM,Contemporary,"City, City Lights, Downtown",2008,94105,10F,,,,0
611 Washington Street,2,0,1,1685,San Francisco,San Francisco,55,10/31/2026 12:00:00 AM,0,,,TRUE,4760,0,(415) 788-2638,,1549000,06/25/2026 12:00:00 AM,0.407,17722,0,SF426142221,06/25/2026 12:00:00 AM,1549000,0208-048,Residential,-122.403607,37.795235,California,Active,06/25/2026 12:00:00 AM,"Luxury, Other","Bay, Bridge(s), City, Bay Bridge, San Francisco, City Lights, Downtown",1984,94111,2305,,,,0
1775 Broadway Street,2,0,2,1105,San Francisco,San Francisco,5,01/31/2027 12:00:00 AM,1,,,TRUE,1033,0,,,1525000,08/14/2026 12:00:00 AM,0.242,10542,0,SF426151695,08/14/2026 12:00:00 AM,1525000,0576-065,Residential,-122.426184,37.795111,California,Active,08/14/2026 12:00:00 AM,,,1925,94109,7,,,,0
12 Beaver St ,2,0,4,1626,San Francisco,San Francisco,133,,2,,,TRUE,400,0,(925) 255-5013,,1505000,04/09/2026 12:00:00 AM,0,0,0,EB41130302,,1505000,3561-103,Residential,-122.433817,37.765155,California,Active,04/16/2026 12:00:00 AM,Victorian,,1900,94114,,,,,1
301 Mission Street,2,0,3,1601,San Francisco,San Francisco,49,12/31/2026 12:00:00 AM,0,,,TRUE,3951,0,,,1500000,07/01/2026 12:00:00 AM,1.163,50667,0,SF426128511,07/01/2026 12:00:00 AM,1500000,3719-247,Residential,-122.395932,37.790488,California,Active,07/01/2026 12:00:00 AM,,,2009,94105,31F,,,,0
1340 Clay Street,2,0,2,1705,San Francisco,San Francisco,62,12/31/2026 12:00:00 AM,1,,,TRUE,4099,0,,,1499000,06/18/2026 12:00:00 AM,0.303,13212,0,SF426139490,06/18/2026 12:00:00 AM,1499000,0215-043,Residential,-122.415373,37.79335,California,Active,06/18/2026 12:00:00 AM,"Contemporary, Luxury",,1991,94109,603,,,,0
400 Beale Street,2,0,2,1223,San Francisco,San Francisco,42,12/31/2026 12:00:00 AM,0,,"Gym/ Exercise Facility, Pool, Roof Deck, Sauna/ Spa/ Hot Tub",TRUE,1421,0,(415) 348-6095,,1499000,07/08/2026 12:00:00 AM,0.633,27581,0,SF426136848,07/08/2026 12:00:00 AM,1499000,3766-245,Residential,-122.390997,37.787072,California,Active,07/08/2026 12:00:00 AM,Contemporary,"Bay, Bay Bridge, San Francisco, City Lights",2002,94105,2401,,,,0
300 3rd Street,2,0,2,1387,San Francisco,San Francisco,110,12/01/2026 12:00:00 AM,0,,,TRUE,1241,0,,,1498500,05/01/2026 12:00:00 AM,1.124,48941,0,SF426126984,05/01/2026 12:00:00 AM,1598000,3751-351,Residential,-122.39903,37.783208,California,Active,05/01/2026 12:00:00 AM,"Custom, Art Deco, Luxury","Bay, Bridge(s), City",1990,94107,1101,,,,0
110 Channel Street,2,0,2,1183,San Francisco,San Francisco,,12/31/2026 12:00:00 AM,0,,"Gym/ Exercise Facility, Barbecue Area, Pool, Recreation Room, Sauna, Sauna/ Spa/ Hot Tub",TRUE,1041,0,,,1498000,08/27/2026 12:00:00 AM,1.143,49773,0,SF426148018,08/27/2026 12:00:00 AM,1498000,8715-252,Residential,-122.391012,37.774619,California,Active,08/27/2026 12:00:00 AM,Luxury,Garden/Greenbelt,2017,94158,320,,,,0
1835 Franklin Street,2,0,2,1500,San Francisco,San Francisco,,12/31/2026 12:00:00 AM,0,,,TRUE,2122,0,,,1495000,09/14/2026 12:00:00 AM,0.191,8300,0,SF426155545,09/14/2026 12:00:00 AM,1495000,0624-030,Residential,-122.42458,37.791587,California,Active,09/14/2026 12:00:00 AM,Other,,1965,94109,402,,,,0
435 China Basin Street,2,0,2,0,San Francisco,San Francisco,1,01/18/2027 12:00:00 AM,0,,"Club House, Garden/ Greenbelt/ Trails, Gym/ Exercise Facility, Other, Barbecue Area, Pool, Sauna, Sauna/ Spa/ Hot Tub",TRUE,1335,0,,,1495000,08/19/2026 12:00:00 AM,2.821,122891,0,SF426148075,08/19/2026 12:00:00 AM,1495000,8720-278,Residential,-122.388573,37.771886,California,Active,08/19/2026 12:00:00 AM,Contemporary,"City, San Francisco, City Lights, Downtown",2012,94158,529,,,,0
3380 22nd Street,1,0,3,1410,San Francisco,San Francisco,6,01/26/2027 12:00:00 AM,1,,,TRUE,555,0,(415) 235-3722,,1495000,08/13/2026 12:00:00 AM,0.071,3100,0,SF426154263,08/13/2026 12:00:00 AM,1495000,3617-116,Residential,-122.422692,37.755404,California,Active,08/13/2026 12:00:00 AM,"Edwardian, Victorian",,1900,94110,,,,,0
3665 17th Street,1,0,2,1615,San Francisco,San Francisco,13,11/21/2026 12:00:00 AM,2,,,TRUE,404,1,,,1495000,08/06/2026 12:00:00 AM,0.057,2484,0,SF426152590,08/06/2026 12:00:00 AM,1495000,3579-035,Residential,-122.427649,37.762716,California,Active,08/06/2026 12:00:00 AM,"Victorian, Flat/Low Pitch",Garden/Greenbelt,1906,94114,,,,,1
73 Sumner Street,2,0,3,1742,San Francisco,San Francisco,40,12/31/2026 12:00:00 AM,0,,,TRUE,1234,0,,,1495000,07/10/2026 12:00:00 AM,0.137,5970,0,SF426144828,07/10/2026 12:00:00 AM,1495000,3730-162,Residential,-122.41009,37.776115,California,Active,07/10/2026 12:00:00 AM,,,2002,94103,101,,,,0
751 Spruce Street,2,0,4,1594,San Francisco,San Francisco,53,05/08/2027 12:00:00 AM,0,,,TRUE,325,1,,,1495000,06/27/2026 12:00:00 AM,0.059,2575,0,SF426141418,06/27/2026 12:00:00 AM,1495000,1087-037,Residential,-122.453273,37.780977,California,Active,06/27/2026 12:00:00 AM,,City,1908,94118,,,,,0
900 North Point Street,2,1,2,1314,San Francisco,San Francisco,111,12/31/2026 12:00:00 AM,1,,"Club House, Gym/ Exercise Facility, Roof Deck,",TRUE,6896,1,,,1495000,04/30/2026 12:00:00 AM,,0,0,SF426126397,04/30/2026 12:00:00 AM,1495000,0452-T052,Residential,-122.423012,37.805831,California,Active,04/30/2026 12:00:00 AM,"Luxury, Traditional","Bay, Hills, City, Panoramic, Water, City Lights",1964,94109,411,,,,0
1880 Steiner Street,2,0,2,1569,San Francisco,San Francisco,0,09/25/2026 12:00:00 AM,0,,,TRUE,1205,1,,,1488000,08/19/2026 12:00:00 AM,0.407,17706,0,SF426154521,08/19/2026 12:00:00 AM,1488000,0678-152,Residential,-122.434603,37.78671,California,Active,08/19/2026 12:00:00 AM,Contemporary,,1999,94115,401,,,,4
200 Brannan Street,1,1,1,1645,San Francisco,San Francisco,1,12/31/2026 12:00:00 AM,0,,Gym/ Exercise Facility,TRUE,1128,1,,,1475000,08/19/2026 12:00:00 AM,1.674,72899,0,SF426097941,08/19/2026 12:00:00 AM,1475000,3774-271,Residential,-122.390316,37.783618,California,Active,08/19/2026 12:00:00 AM,"Contemporary, Luxury, Modern/High Tech",,2004,94107,130,,,,0
1133 Church Street,1,0,3,995,San Francisco,San Francisco,9,10/30/2026 12:00:00 AM,0,,,TRUE,300,0,,,1450000,08/10/2026 12:00:00 AM,0.043,1875,0,SF426131908,08/10/2026 12:00:00 AM,1450000,3650-057,Residential,-122.427324,37.752724,California,Active,08/10/2026 12:00:00 AM,"Edwardian, Luxury, Traditional, Victorian, Flat/Low Pitch",,1906,94114,,,,,0
181 Fremont Street,1,0,1,564,San Francisco,San Francisco,36,10/31/2027 12:00:00 AM,0,,"Club House, Gym/ Exercise Facility",TRUE,3618,0,(415) 282-0888,,1450000,07/14/2026 12:00:00 AM,0.352,15312,0,SF426135304,07/14/2026 12:00:00 AM,1450000,3719-458,Residential,-122.395453,37.789653,California,Active,07/14/2026 12:00:00 AM,"Contemporary, Luxury, Modern/High Tech","San Francisco, City Lights, Downtown",2018,94105,54-G,,,,0
488 Folsom Street,1,1,1,987,San Francisco,San Francisco,40,11/30/2026 12:00:00 AM,0,,"Club House, Gym/ Exercise Facility, Barbecue Area, Recreation Room, Roof Deck",TRUE,2231,0,,,1450000,07/10/2026 12:00:00 AM,,0,0,SF426139114,07/10/2026 12:00:00 AM,1450000,3737-156,Residential,-122.39456,37.787745,California,Active,07/10/2026 12:00:00 AM,"Luxury, Modern/High Tech","Panoramic, San Francisco, Twin Peaks, City Lights, Downtown",2019,94105,5004,,,,0
280 Spear Street,1,0,1,787,San Francisco,San Francisco,,12/31/2026 12:00:00 AM,0,,,TRUE,1350,0,(415) 466-0520,,1450000,12/30/2026 12:00:00 AM,1.26,54884,0,SF426098096,12/30/2026 12:00:00 AM,1450000,3740-333,Residential,-122.391683,37.790006,California,Active,12/30/2026 12:00:00 AM,"Luxury, Modern/High Tech","Bay, City, Bay Bridge, San Francisco, Downtown",2020,94105,24F,,,,0
1637 18th Street,2,0,2,1150,San Francisco,San Francisco,,12/25/2026 12:00:00 AM,0,,,TRUE,1113,0,,,1425000,09/08/2026 12:00:00 AM,1.055,45942,0,SF426143998,09/08/2026 12:00:00 AM,1425000,4034-055,Residential,-122.398928,37.76233,California,Active,09/08/2026 12:00:00 AM,,,1995,94107,,,,,0
765 Market Street,1,0,1,1004,San Francisco,San Francisco,262,12/31/2026 12:00:00 AM,,,"Pool, , Sauna/ Spa/ Hot Tub",TRUE,2999,2,(415) 633-3466,,1420000,11/30/2025 12:00:00 AM,1.381,60150,0,CRPW25267774,,1420000,3706168,Residential,-122.404552,37.78635,California,Active,11/30/2025 12:00:00 AM,,City Lights,2001,94103,27B,,,,1
184 5th Avenue,2,0,2,1004,San Francisco,San Francisco,28,10/31/2026 12:00:00 AM,,,,TRUE,430,1,,,1400000,07/22/2026 12:00:00 AM,,,0,ML82055047,07/22/2026 8:24:04 AM,1400000,1364-073,Residential,-122.463342,37.785369,California,Active,07/22/2026 8:24:04 AM,,,1921,94118,,Owner,,,1
1501 Greenwich Street,2,0,2,1048,San Francisco,San Francisco,,01/04/2027 12:00:00 AM,0,,,TRUE,1227,0,,,1400000,01/01/2027 12:00:00 AM,0.279,12161,0,SF426148358,01/01/2027 12:00:00 AM,1400000,0522-022,Residential,-122.424697,37.800219,California,Active,01/01/2027 12:00:00 AM,,Garden/Greenbelt,2008,94123,101,,,,0
181 Fremont Street,1,0,1,580,San Francisco,San Francisco,36,10/31/2027 12:00:00 AM,0,,"Club House, Gym/ Exercise Facility",TRUE,3618,0,(415) 282-0888,,1400000,07/14/2026 12:00:00 AM,0.352,15312,0,SF426135305,07/14/2026 12:00:00 AM,1400000,3719-461,Residential,-122.395453,37.789653,California,Active,07/14/2026 12:00:00 AM,"Contemporary, Luxury, Modern/High Tech","San Francisco, City Lights, Downtown",2018,94105,54-K,,,,0
1018 Noe Street,2,0,4,2040,San Francisco,San Francisco,125,12/04/2026 12:00:00 AM,0,,,FALSE,,0,,,1400000,04/16/2026 12:00:00 AM,0.057,2483,0,SF426122022,04/16/2026 12:00:00 AM,1858000,3655-050,Residential,-122.432299,37.752607,California,Active,04/16/2026 12:00:00 AM,,,1900,94114,,,,,0
630 Natoma Street,2,1,2,1406,San Francisco,San Francisco,5,10/28/2026 12:00:00 AM,0,,,TRUE,700,1,,,1395000,08/14/2026 12:00:00 AM,0.045,1949,0,SF426154562,08/14/2026 12:00:00 AM,1395000,3727-236,Residential,-122.410823,37.777928,California,Active,08/14/2026 12:00:00 AM,Modern/High Tech,"City, San Francisco, Downtown",2019,94103,3,,,,0
3044 Franklin Street,2,0,3,1448,San Francisco,San Francisco,5,10/31/2026 12:00:00 AM,1,,,TRUE,870,1,,,1390000,08/14/2026 12:00:00 AM,0.122,5328,0,SF426151692,08/14/2026 12:00:00 AM,1390000,0479-015,Residential,-122.426198,37.802727,California,Active,08/14/2026 12:00:00 AM,Contemporary,,1975,94123,101,,,,0
480 Mission Bay Boulevard,1,1,1,1195,San Francisco,San Francisco,37,12/31/2026 12:00:00 AM,0,,,TRUE,1335,0,,,1375000,07/13/2026 12:00:00 AM,2.821,122891,0,SF426144300,07/13/2026 12:00:00 AM,1250000,8720-388,Residential,-122.388972,37.77125,California,Active,07/13/2026 12:00:00 AM,Luxury,,2012,94158,917,,,,0
1123 Kansas Street,2,0,3,1741,San Francisco,San Francisco,55,09/09/2026 12:00:00 AM,2,,,TRUE,,0,,,1375000,06/25/2026 12:00:00 AM,0.057,2500,0,SF426142273,06/25/2026 12:00:00 AM,1375000,4158-068,Residential,-122.402413,37.755538,California,Active,06/25/2026 12:00:00 AM,,,1908,94107,,,,,0
2315 Van Ness Avenue,1,1,2,980,San Francisco,San Francisco,62,12/01/2026 12:00:00 AM,0,,,TRUE,792,0,,,1350000,06/18/2026 12:00:00 AM,0.073,3179,0,SF426130237,06/18/2026 12:00:00 AM,1350000,0551-043,Residential,-122.42407,37.797042,California,Active,06/18/2026 12:00:00 AM,,Golden Gate Bridge,2003,94109,7,,,,0
300 Castro Street,3,0,3,1042,San Francisco,San Francisco,8,12/31/2026 12:00:00 AM,1,,,TRUE,407,0,,,1299000,08/11/2026 12:00:00 AM,0.108,4691,0,SF426149999,08/11/2026 12:00:00 AM,1299000,2622-088,Residential,-122.435604,37.763942,California,Active,08/11/2026 12:00:00 AM,Flat/Low Pitch,,0,94114,,,,,0
555 Fulton Street,2,0,2,1161,San Francisco,San Francisco,26,12/17/2026 12:00:00 AM,0,,Other,TRUE,937,1,,,1299000,07/24/2026 12:00:00 AM,1.016,44250,0,SF426149423,07/24/2026 12:00:00 AM,1299000,0794-074,Residential,-122.426109,37.778158,California,Active,07/24/2026 12:00:00 AM,"Contemporary, Luxury, Modern/High Tech","Hills, City",2020,94102,211,,,,0
999 16th Street,2,1,2,1760,San Francisco,San Francisco,9,02/11/2027 12:00:00 AM,1,,,TRUE,596,1,,,1298000,08/10/2026 12:00:00 AM,,,0,ML82057065,08/10/2026 12:00:00 AM,1298000,3950-019,Residential,-122.396558,37.766197,California,Active,08/08/2026 9:58:11 AM,,,1998,94107,7,CRG LAND ENTERPRISE LLC,,,
3235 17th Street,3,0,3,1288,San Francisco,San Francisco,71,09/09/2026 12:00:00 AM,0,,,TRUE,805,0,(415) 648-1200,,1298000,06/09/2026 12:00:00 AM,,0,0,SF426133355,06/09/2026 12:00:00 AM,1298000,3575-120,Residential,-122.418075,37.763361,California,Active,06/09/2026 12:00:00 AM,,,0,94110,,,,,0
1868 Van Ness Avenue,2,0,2,1050,San Francisco,San Francisco,,11/15/2026 12:00:00 AM,0,,Roof Deck,TRUE,934,0,,,1295000,08/20/2026 12:00:00 AM,0.211,9202,0,SF426155581,08/20/2026 12:00:00 AM,1295000,0619-171,Residential,-122.422437,37.792946,California,Active,08/20/2026 12:00:00 AM,,,2017,94109,303,,,,0
66 Buena Vista Terrace,2,0,2,955,San Francisco,San Francisco,6,12/31/2026 12:00:00 AM,0,,,TRUE,,1,,,1295000,08/13/2026 12:00:00 AM,0.068,2958,0,SF426154010,08/13/2026 12:00:00 AM,1295000,2608-074,Residential,-122.438469,37.767568,California,Active,08/13/2026 12:00:00 AM,"Contemporary, Mediterranean",City,1907,94117,,,,,0
836 33rd Avenue,2,0,3,1497,San Francisco,San Francisco,12,12/31/2026 12:00:00 AM,0,,,TRUE,400,0,,,1295000,08/07/2026 12:00:00 AM,0.069,3000,0,SF426152118,08/07/2026 12:00:00 AM,1295000,1675-036,Residential,-122.492617,37.773358,California,Active,08/07/2026 12:00:00 AM,Flat/Low Pitch,,1924,94121,,,,,0
2200 Beach Street,1,0,1,828,San Francisco,San Francisco,,06/19/2028 12:00:00 AM,,,,TRUE,775,1,(775) 250-4695,,1295000,07/11/2026 12:00:00 AM,,,0,ML82053949,07/11/2026 8:29:34 AM,1295000,29-37-07-GN-483-29,Residential,-122.445563,37.803628,California,Active,07/11/2026 8:29:34 AM,,,1931,94123,203,Liang Hui Chang,,,
2200 Beach Street,1,0,1,828,San Francisco,San Francisco,,07/06/2027 12:00:00 AM,,,,TRUE,775,1,(775) 250-4695,,1295000,07/06/2026 12:00:00 AM,,,0,ML82053222,06/19/2026 10:19:19 AM,1295000,0,Residential,-122.445563,37.803628,California,Active,07/06/2026 2:56:29 PM,,,1931,94123,203,Liang Hui Chang,,,
1542 15th Street,1,1,3,1380,San Francisco,San Francisco,,02/29/2028 12:00:00 AM,0,,,TRUE,350,1,,,1295000,10/30/2026 12:00:00 AM,0.048,2070,0,SF426107614,10/30/2026 12:00:00 AM,1295000,3548-106,Residential,-122.418645,37.766929,California,Active,10/30/2026 12:00:00 AM,Luxury,,1906,94103,,,,,0
765 Market Street,1,1,1,980,San Francisco,San Francisco,174,12/31/2026 12:00:00 AM,0,,,TRUE,3281,0,,,1295000,02/26/2026 12:00:00 AM,1.381,60150,0,SF426099012,02/26/2026 12:00:00 AM,1295000,3706-153,Residential,-122.404552,37.78635,California,Active,02/26/2026 12:00:00 AM,"Contemporary, Luxury, Modern/High Tech","City, San Francisco, City Lights, Downtown",2001,94103,25C,,,,0
1868 Van Ness Avenue,2,0,2,989,San Francisco,San Francisco,12,10/31/2026 12:00:00 AM,0,,"Other, Roof Deck",TRUE,910,1,,,1288000,08/07/2026 12:00:00 AM,0.211,9202,0,SF426152745,08/07/2026 12:00:00 AM,1288000,0619-163,Residential,-122.422437,37.792946,California,Active,08/07/2026 12:00:00 AM,Modern/High Tech,"Bay, City, Panoramic, San Francisco, Twin Peaks, City Lights, Downtown",2017,94109,201,,,,0
789 Buena Vista Avenue,1,0,2,1047,San Francisco,San Francisco,9,11/03/2026 12:00:00 AM,1,,,TRUE,730,1,,,1275000,08/10/2026 12:00:00 AM,0.1,4343,0,SF426153143,08/10/2026 12:00:00 AM,1275000,1256-073,Residential,-122.443746,37.76884,California,Active,08/10/2026 12:00:00 AM,"Mediterranean, Spanish","Hills, San Francisco",1900,94117,202,,,,0
170 King Street,2,0,2,1007,San Francisco,San Francisco,26,10/23/2026 12:00:00 AM,0,,"Club House, Gym/ Exercise Facility, Barbecue Area, Pool, Recreation Room, Roof Deck, Sauna, Security Gate(s), , Sauna/ Spa/ Hot Tub",TRUE,1058,1,(415) 538-8660,,1250000,07/24/2026 12:00:00 AM,0.986,42969,0,SF426147943,07/24/2026 12:00:00 AM,1250000,3794-256,Residential,-122.391468,37.778989,California,Active,07/24/2026 12:00:00 AM,"Contemporary, Luxury, Modern/High Tech","Bay, Bridge(s), City, Bay Bridge, Panoramic, San Francisco, Forest/Woods, City Lights, Downtown, Garden/Greenbelt",2007,94107,1027,,,,11
1121 Kansas Street,2,0,3,1330,San Francisco,San Francisco,55,09/09/2026 12:00:00 AM,1,,,TRUE,,1,,,1250000,06/25/2026 12:00:00 AM,0.057,2500,0,SF426142249,06/25/2026 12:00:00 AM,1250000,4158-067,Residential,-122.402413,37.755572,California,Active,06/25/2026 12:00:00 AM,Victorian,Twin Peaks,1908,94107,,,,,0
66 Cleary Court,2,0,3,1102,San Francisco,San Francisco,,12/31/2027 12:00:00 AM,0,,"Playground, Tennis Court(s)",TRUE,1442,0,,,1250000,12/31/2026 12:00:00 AM,1.501,65376,0,SF426093725,12/31/2026 12:00:00 AM,1250000,0712-129,Residential,-122.427392,37.784128,California,Active,12/31/2026 12:00:00 AM,"Modern/High Tech, Other","City, Other, Panoramic, San Francisco, Twin Peaks, Valley",1963,94109,1309,,,,0
255 14th Street,2,0,3,1365,San Francisco,San Francisco,,08/31/2026 12:00:00 AM,0,,Security Gate(s),TRUE,350,0,,,1249000,08/30/2026 12:00:00 AM,0.046,2009,0,SF426144949,08/30/2026 12:00:00 AM,1249000,3548-121,Residential,-122.418932,37.768169,California,Active,08/30/2026 12:00:00 AM,Flat/Low Pitch,,1907,94103,,,,,0
66 Cleary Court,2,0,3,1099,San Francisco,San Francisco,,10/31/2026 12:00:00 AM,0,,,TRUE,1442,1,,,1248000,09/07/2026 12:00:00 AM,1.501,65376,0,SF426142341,09/07/2026 12:00:00 AM,1248000,0712-082,Residential,-122.427392,37.784128,California,Active,09/07/2026 12:00:00 AM,,,1963,94109,902,,,,0
1000 Point Street,2,0,2,1200,San Francisco,San Francisco,,01/06/2027 12:00:00 AM,,,,TRUE,2026,1,,,1248000,07/06/2026 12:00:00 AM,,,0,ML82053225,07/06/2026 3:00:48 PM,1248000,0451-007,Residential,-122.424157,37.80551,California,Active,07/06/2026 3:00:48 PM,,,1963,94109,201,Fontana East Apt Corp Lessor R,,,1
74 New Montgomery Street,2,0,2,1129,San Francisco,San Francisco,4,07/12/2027 12:00:00 AM,0,,"Barbecue Area, Roof Deck",TRUE,1303,0,,,1225000,08/15/2026 12:00:00 AM,0.41,17865,0,SF426151532,08/15/2026 12:00:00 AM,1225000,3707-086,Residential,-122.401154,37.787617,California,Active,08/15/2026 12:00:00 AM,Luxury,Other,1914,94105,302,,,,0
330 Mission Bay Boulevard,1,0,1,974,San Francisco,San Francisco,60,12/31/2026 12:00:00 AM,0,,"Club House, Park, Garden/ Greenbelt/ Trails, Gym/ Exercise Facility, Barbecue Area, Recreation Room, Roof Deck, Trail(s)",TRUE,1244,1,,,1225000,06/20/2026 12:00:00 AM,1.336,58215,0,SF426141110,06/20/2026 12:00:00 AM,1195000,8720-085,Residential,-122.38739,37.771407,California,Active,06/20/2026 12:00:00 AM,"Contemporary, Luxury","Bay, City Lights",2008,94158,509,,,,0
60 Rausch Street,1,1,2,1326,San Francisco,San Francisco,5,11/11/2026 12:00:00 AM,1,,,TRUE,796,1,,,1200000,08/14/2026 12:00:00 AM,0.387,16836,0,SF426153752,08/14/2026 12:00:00 AM,1200000,3730-231,Residential,-122.409701,37.776144,California,Active,08/14/2026 12:00:00 AM,"Contemporary, Luxury","City, City Lights, Downtown",2002,94103,407,,,,4
301 Mission Street,2,0,2,1136,San Francisco,San Francisco,5,02/14/2027 12:00:00 AM,0,,,TRUE,2262,0,,,1200000,08/14/2026 12:00:00 AM,1.163,50667,0,SF426154682,08/14/2026 12:00:00 AM,1200000,3719-208,Residential,-122.396153,37.790382,California,Active,08/14/2026 12:00:00 AM,Luxury,,2009,94105,25E,,,,0
333 Beale Street,1,1,1,916,San Francisco,San Francisco,,12/31/2026 12:00:00 AM,0,,"Club House, Gym/ Exercise Facility, Other, Barbecue Area, Pool, Roof Deck, Sauna/ Spa/ Hot Tub",TRUE,1364,0,(415) 872-0937,,1200000,10/14/2026 12:00:00 AM,1.731,75406,0,SF426153802,10/14/2026 12:00:00 AM,1200000,3746-125,Residential,-122.391875,37.788213,California,Active,10/14/2026 12:00:00 AM,,City,2015,94105,6C,,,,0
181 Fremont Street,1,0,1,490,San Francisco,San Francisco,36,10/31/2027 12:00:00 AM,0,,"Club House, Gym/ Exercise Facility",TRUE,3618,0,(415) 282-0888,,1200000,07/14/2026 12:00:00 AM,0.352,15312,0,SF426135197,07/14/2026 12:00:00 AM,1200000,3719-452,Residential,-122.395453,37.789653,California,Active,07/14/2026 12:00:00 AM,"Contemporary, Luxury, Modern/High Tech","San Francisco, City Lights, Downtown",2018,94105,54-A,,,,0
850 Powell Street,1,1,1,1385,San Francisco,San Francisco,,12/31/2026 12:00:00 AM,1,,Security Gate(s),TRUE,1796,0,(415) 292-1777,,1200000,08/21/2026 12:00:00 AM,0.253,11027,0,SF426139592,08/21/2026 12:00:00 AM,1200000,0243-061,Residential,-122.408964,37.792865,California,Active,08/21/2026 12:00:00 AM,"Art Deco, Luxury, Mediterranean, Spanish","City, Downtown",1922,94108,103,,,,0
301 Mission Street,2,0,2,1245,San Francisco,San Francisco,13,07/31/2027 12:00:00 AM,0,,"Club House, Gym/ Exercise Facility, Pool, Recreation Room, Sauna, Sauna/ Spa/ Hot Tub, Car Wash Area",TRUE,2314,0,,,1199000,08/06/2026 12:00:00 AM,1.163,50667,0,SF426149442,08/06/2026 12:00:00 AM,1199000,3719-116,Residential,-122.396153,37.790382,California,Active,08/06/2026 12:00:00 AM,Modern/High Tech,"City, San Francisco, City Lights",2009,94105,14J,,,,0
1000 3rd Street,1,0,1,879,San Francisco,San Francisco,,07/14/2027 12:00:00 AM,0,,"Club House, Gym/ Exercise Facility, Barbecue Area, Pool, Roof Deck, Sauna/ Spa/ Hot Tub",TRUE,1082,0,(415) 579-1621,,1199000,04/14/2027 12:00:00 AM,1.056,46014,0,SF426147003,04/14/2027 12:00:00 AM,1199000,8715-162,Residential,-122.390316,37.775573,California,Active,04/14/2027 12:00:00 AM,Contemporary,"Bay, City, Bay Bridge, Other, San Francisco, Twin Peaks, Water, City Lights, Downtown",2018,94158,1005,,,,0
795 Sutter Street,1,1,2,1304,San Francisco,San Francisco,123,09/18/2026 12:00:00 AM,1,,Security Gate(s),TRUE,1761,0,,,1199000,04/18/2026 12:00:00 AM,0.159,6944,0,SF426123056,04/18/2026 12:00:00 AM,1199000,0298-055,Residential,-122.413322,37.788455,California,Active,04/18/2026 12:00:00 AM,"Edwardian, Luxury, Flat/Low Pitch","Bay, City, City Lights",1913,94109,602,,,,0
1111 Bay Street,2,0,2,1196,San Francisco,San Francisco,189,12/31/2026 12:00:00 AM,1,,,TRUE,1556,1,,,1198000,02/11/2026 12:00:00 AM,,,0,ML82033980,02/11/2026 12:00:00 AM,1198000,0474-046,Residential,-122.425482,37.803838,California,Active,02/05/2026 7:40:56 PM,,,1986,94123,307,Rouzbeh Kordestani,,,1
1218 Leavenworth Street,2,0,2,1185,San Francisco,San Francisco,5,12/18/2026 12:00:00 AM,0,,,TRUE,824,1,,,1195000,08/14/2026 12:00:00 AM,0.084,3667,0,SF426150201,08/14/2026 12:00:00 AM,1195000,0220-048,Residential,-122.415764,37.792499,California,Active,08/14/2026 12:00:00 AM,"Luxury, Modern/High Tech",,2007,94109,4,,,,0
199 Tiffany Avenue,2,0,2,1115,San Francisco,San Francisco,6,12/31/2026 12:00:00 AM,1,,,TRUE,855,0,,,1195000,08/13/2026 12:00:00 AM,0.588,25598,0,SF426153038,08/13/2026 12:00:00 AM,1195000,6596-045,Residential,-122.421743,37.744186,California,Active,08/13/2026 12:00:00 AM,,"Hills, City, Other, San Francisco, Twin Peaks, City Lights",2004,94110,304,,,,0
403 Main St ,2,0,2,1088,San Francisco,San Francisco,68,,0,,"Gym/ Exercise Facility, Pool, Sauna/ Spa/ Hot Tub",TRUE,1051,1,(415) 777-1696,,1190000,06/13/2026 12:00:00 AM,0.667,29037,0,EB41137863,,1290000,3768-277,Residential,-122.389603,37.788077,California,Active,07/13/2026 12:00:00 AM,,"Bay, Bay Bridge",1997,94105,801N,,,,
960 Market Street,2,0,2,970,San Francisco,San Francisco,58,06/29/2027 12:00:00 AM,0,,"Club House, Gym/ Exercise Facility, Barbecue Area, Recreation Room, Roof Deck, Dog Park,",TRUE,1052,0,,,1189000,06/22/2026 12:00:00 AM,,0,0,SF426141410,06/22/2026 12:00:00 AM,1189000,AB03-42B,Residential,-122.410004,37.783111,California,Active,06/22/2026 12:00:00 AM,"Luxury, Modern/High Tech","City, City Lights",0,94102,909,,,,12
960 Market Street,2,0,2,888,San Francisco,San Francisco,70,06/09/2027 12:00:00 AM,0,,"Club House, Gym/ Exercise Facility, Barbecue Area, Recreation Room, Roof Deck, Dog Park,",TRUE,998,0,,,1179000,06/10/2026 12:00:00 AM,,0,0,SF426138383,06/10/2026 12:00:00 AM,1179000,AB03-42,Residential,-122.410004,37.783111,California,Active,06/10/2026 12:00:00 AM,"Luxury, Modern/High Tech","City, San Francisco, City Lights",0,94102,1015,,,,12
515 Pierce Street,1,0,1,978,San Francisco,San Francisco,41,12/31/2026 12:00:00 AM,0,,,TRUE,425,1,,,1175000,07/09/2026 12:00:00 AM,0.067,2925,0,SF426144371,07/09/2026 12:00:00 AM,1195000,0824-015,Residential,-122.434644,37.774752,California,Active,07/09/2026 12:00:00 AM,,City,1923,94117,3,,,,0
150 Lombard Street,2,0,2,1172,San Francisco,San Francisco,17,12/31/2026 12:00:00 AM,0,,"Club House, Gym/ Exercise Facility, Roof Deck, Security Gate(s)",TRUE,1530,0,(415) 772-9136,,1170000,08/02/2026 12:00:00 AM,2.17,94533,0,SF426151339,08/02/2026 12:00:00 AM,1170000,0059-026,Residential,-122.404171,37.804267,California,Active,08/02/2026 12:00:00 AM,,"Bay Bridge, Ocean, Downtown",1975,94111,308,,,,0
333 1st Street,2,0,2,950,San Francisco,San Francisco,2,12/19/2026 12:00:00 AM,0,,,TRUE,1241,0,,,1150000,08/17/2026 12:00:00 AM,0.886,38571,0,SF426155100,08/17/2026 12:00:00 AM,1150000,3748-135,Residential,-122.393723,37.787073,California,Active,08/17/2026 12:00:00 AM,,"Bay Bridge, City Lights",2004,94105,N1507,,,,0
2773 Folsom Street,2,0,2,1164,San Francisco,San Francisco,6,11/01/2026 12:00:00 AM,0,,,TRUE,418,1,,,1149000,08/13/2026 12:00:00 AM,0.141,6145,0,SF426153930,08/13/2026 12:00:00 AM,1149000,3640-084,Residential,-122.413878,37.753158,California,Active,08/13/2026 12:00:00 AM,Traditional,Other,2003,94110,201,,,,0
2001 Mcallister Street,2,0,2,1040,San Francisco,San Francisco,37,12/06/2026 12:00:00 AM,,,,TRUE,1283,1,,,1125000,07/13/2026 12:00:00 AM,,,0,ML82051034,07/13/2026 12:00:00 AM,1150000,1175-048,Residential,-122.445749,37.77638,California,Active,06/14/2026 10:33:54 AM,,,2002,94118,112,Patel Rita Girish,,,1
431 Capp Street,2,0,2,1314,San Francisco,San Francisco,90,09/15/2026 12:00:00 AM,,,,TRUE,655,0,,,1124999,05/21/2026 12:00:00 AM,,,0,ML82048154,05/21/2026 1:50:49 PM,1149000,3595-041,Residential,-122.41775,37.759763,California,Active,05/21/2026 1:50:49 PM,,,1900,94110,A,David Lawver,,,
181 Fremont Street,1,0,1,490,San Francisco,San Francisco,36,10/31/2027 12:00:00 AM,0,,"Club House, Gym/ Exercise Facility",TRUE,3532,0,(415) 282-0888,,1100000,07/14/2026 12:00:00 AM,0.352,15312,0,SF426135248,07/14/2026 12:00:00 AM,1100000,3719-453,Residential,-122.395453,37.789653,California,Active,07/14/2026 12:00:00 AM,"Contemporary, Luxury, Modern/High Tech","San Francisco, City Lights, Downtown",2018,94105,54-B,,,,0
50 Lansing Street,2,0,2,997,San Francisco,San Francisco,,12/31/2026 12:00:00 AM,0,,,TRUE,1075,0,,,1100000,09/30/2026 12:00:00 AM,0.461,20082,0,SF426122723,09/30/2026 12:00:00 AM,1100000,3749-188,Residential,-122.394326,37.786146,California,Active,09/30/2026 12:00:00 AM,Luxury,,2006,94105,102,,,,0
1388 Gough Street,2,0,2,1285,San Francisco,San Francisco,6,08/31/2027 12:00:00 AM,0,,"Garden/ Greenbelt/ Trails, Gym/ Exercise Facility",TRUE,1898,0,,,1099000,08/13/2026 12:00:00 AM,0.575,25061,0,SF426154466,08/13/2026 12:00:00 AM,1099000,0696-045,Residential,-122.424516,37.785943,California,Active,08/13/2026 12:00:00 AM,,,1993,94109,505,,,,0
401 Harrison Street,1,0,1,758,San Francisco,San Francisco,21,10/31/2026 12:00:00 AM,0,,"Club House, Gym/ Exercise Facility, Barbecue Area, Pool, Recreation Room, Roof Deck, Sauna/ Spa/ Hot Tub",TRUE,1750,0,,,1099000,07/29/2026 12:00:00 AM,1.286,56023,0,SF426146376,07/29/2026 12:00:00 AM,1099000,3765-618,Residential,-122.392225,37.78651,California,Active,07/29/2026 12:00:00 AM,"Luxury, Modern/High Tech","City, Marina, Bay Bridge, San Francisco, Twin Peaks, Water, City Lights",2014,94105,31G,,,,0
690 Market Street,1,1,1,1050,San Francisco,San Francisco,34,01/11/2027 12:00:00 AM,0,,"Club House, Gym/ Exercise Facility, Other,",TRUE,9745,1,,,1098000,07/16/2026 12:00:00 AM,0.261,11357,0,SF426146934,07/16/2026 12:00:00 AM,1098000,0311-082,Residential,-122.403065,37.788229,California,Active,07/16/2026 12:00:00 AM,"Contemporary, Luxury, Traditional","Bay, City, San Francisco, City Lights, Downtown",2007,94104,1605,,,,0
330 Mission Bay Boulevard,1,1,1,965,San Francisco,San Francisco,34,01/10/2027 12:00:00 AM,0,,"Club House, Gym/ Exercise Facility, Barbecue Area, Recreation Room",TRUE,1203,1,(415) 503-0238,,1098000,07/16/2026 12:00:00 AM,1.336,58215,0,SF426147320,07/16/2026 12:00:00 AM,1178000,8720-061,Residential,-122.387653,37.771668,California,Active,07/16/2026 12:00:00 AM,"Contemporary, Luxury","Bay, City, Park, San Francisco, City Lights",2008,94158,402,,,,9
724 Elizabeth Street,1,0,2,0,San Francisco,San Francisco,,06/18/2027 12:00:00 AM,0,,,TRUE,385,1,,,1098000,08/28/2026 12:00:00 AM,0.065,2834,0,SF426129967,08/28/2026 12:00:00 AM,1098000,2805-052,Residential,-122.437004,37.752156,California,Active,08/28/2026 12:00:00 AM,,,0,94114,,,,,0
2315 Van Ness Avenue,1,1,2,985,San Francisco,San Francisco,5,12/01/2026 12:00:00 AM,0,,,TRUE,792,0,,,1095000,08/14/2026 12:00:00 AM,0.073,3179,0,SF426154007,08/14/2026 12:00:00 AM,1095000,0551-039,Residential,-122.42407,37.797042,California,Active,08/14/2026 12:00:00 AM,,,2003,94109,3,,,,0
1945 washington Street,2,0,2,954,San Francisco,San Francisco,6,06/30/2027 12:00:00 AM,0,,"Gym/ Exercise Facility, Roof Deck, Security Gate(s)",TRUE,789,1,(415) 401-2040,,1095000,08/13/2026 12:00:00 AM,0.403,17557,0,SF426153677,08/13/2026 12:00:00 AM,1095000,0617-064,Residential,-122.425337,37.792637,California,Active,08/13/2026 12:00:00 AM,Contemporary,,1987,94109,204,,,,0
480 Mission Bay Boulevard,1,0,1,908,San Francisco,San Francisco,0,12/31/2026 12:00:00 AM,0,,"Club House, Gym/ Exercise Facility, Other, Barbecue Area, Pool, Sauna, Sauna/ Spa/ Hot Tub",TRUE,1260,0,,,1095000,08/19/2026 12:00:00 AM,2.821,122891,0,SF426147233,08/19/2026 12:00:00 AM,1095000,8720-177,Residential,-122.388972,37.77125,California,Active,08/19/2026 12:00:00 AM,"Contemporary, Luxury, Modern/High Tech","Park, Garden/Greenbelt",2012,94158,316,,,,0
333 Grant Avenue,1,1,1,850,San Francisco,San Francisco,10,12/31/2026 12:00:00 AM,0,,,TRUE,1440,0,(415) 547-0337,,1080000,08/09/2026 12:00:00 AM,0.186,8101,0,SF426146464,08/09/2026 12:00:00 AM,1080000,0285-057,Residential,-122.405699,37.790257,California,Active,08/09/2026 12:00:00 AM,,"City, San Francisco, City Lights, Downtown",2005,94108,701,,,,7
219 Brannan Street,1,1,1,823,San Francisco,San Francisco,13,12/31/2026 12:00:00 AM,0,,"Gym/ Exercise Facility, Pool, Sauna/ Spa/ Hot Tub",TRUE,1704,0,,,1079000,08/06/2026 12:00:00 AM,1.905,82966,0,SF426152846,08/06/2026 12:00:00 AM,1079000,3789-562,Residential,-122.390438,37.782855,California,Active,08/06/2026 12:00:00 AM,Luxury,Bay,2000,94107,5H,,,,0
2212 23rd Street,2,0,2,1188,San Francisco,San Francisco,6,12/31/2026 12:00:00 AM,0,,,TRUE,,1,,,1075000,08/13/2026 12:00:00 AM,0.057,2500,0,SF426153199,08/13/2026 12:00:00 AM,1075000,4158-077,Residential,-122.40202,37.754657,California,Active,08/13/2026 12:00:00 AM,,,1900,94107,,,,,0
657 San Jose Ave ,1,0,1,1037,San Francisco,San Francisco,19,,1,,Other,TRUE,550,1,(415) 518-8426,,1065000,07/31/2026 12:00:00 AM,0.25,0,0,CC41142311,,1065000,6597-076,Residential,-122.421956,37.745046,California,Active,08/07/2026 12:00:00 AM,Unknown,,1908,94110,,,,,1
451 Kansas Street,2,0,2,932,San Francisco,San Francisco,,10/31/2026 12:00:00 AM,0,,Garden/ Greenbelt/ Trails,TRUE,750,1,,,1050000,08/22/2026 12:00:00 AM,1.844,80311,0,SF426152350,08/22/2026 12:00:00 AM,1050000,3978-011,Residential,-122.403233,37.764082,California,Active,08/22/2026 12:00:00 AM,Modern/High Tech,,2007,94107,282,,,,4
1000 3rd Street,1,0,1,837,San Francisco,San Francisco,,12/31/2026 12:00:00 AM,0,,,TRUE,915,0,,,1050000,08/31/2026 12:00:00 AM,1.056,46014,0,SF426140019,08/31/2026 12:00:00 AM,1050000,8715-010,Residential,-122.390316,37.775573,California,Active,08/31/2026 12:00:00 AM,,,2018,94158,102,,,,0
960 Market Street,2,0,2,1001,San Francisco,San Francisco,148,03/24/2027 12:00:00 AM,0,,"Club House, Gym/ Exercise Facility, Barbecue Area, Recreation Room, Roof Deck, Dog Park",TRUE,1071,0,,,1020000,03/24/2026 12:00:00 AM,,0,0,SF426114773,03/24/2026 12:00:00 AM,1015000,AB03-42B,Residential,-122.410004,37.783111,California,Active,03/24/2026 12:00:00 AM,"Luxury, Modern/High Tech","City, City Lights",0,94102,520,,,,12
45 Bartlett Street,2,0,2,905,San Francisco,San Francisco,40,12/17/2026 12:00:00 AM,0,,"Club House, Gym/ Exercise Facility, Barbecue Area, Roof Deck",TRUE,951,1,,,999000,07/10/2026 12:00:00 AM,0.546,23803,0,SF426141658,07/10/2026 12:00:00 AM,999000,3616-129,Residential,-122.419769,37.755804,California,Active,07/10/2026 12:00:00 AM,Modern/High Tech,"City Lights, Downtown",2014,94110,408,,,,0
875 La Playa Street,2,0,2,1084,San Francisco,San Francisco,,10/30/2026 12:00:00 AM,1,,"Gym/ Exercise Facility, Barbecue Area, Workshop Area",TRUE,1274,0,(415) 401-2000,,999000,09/04/2026 12:00:00 AM,0.53,23066,0,SF426128510,09/04/2026 12:00:00 AM,999000,1692-021,Residential,-122.510345,37.771644,California,Active,09/04/2026 12:00:00 AM,,"Ocean, Park",1983,94121,271,,,,0
3535 Wawona Street,2,0,2,960,San Francisco,San Francisco,155,09/30/2026 12:00:00 AM,0,,"Club House, Barbecue Area, Recreation Room, Security Gate(s)",TRUE,731,0,(415) 432-8904,,999000,03/17/2026 12:00:00 AM,0.775,33763,0,SF426111775,03/17/2026 12:00:00 AM,1150000,2515-020,Residential,-122.504578,37.736024,California,Active,03/17/2026 12:00:00 AM,Luxury,Water,2020,94116,311,,,,0
1 Bristol Court,2,1,2,1402,San Francisco,San Francisco,0,08/10/2027 12:00:00 AM,,,,TRUE,1848,0,,,998000,08/19/2026 12:00:00 AM,,,0,ML82058227,08/19/2026 12:41:30 PM,998000,8954-169,Residential,-122.366009,37.811135,California,Active,08/19/2026 12:41:30 PM,"Contemporary, Modern/High Tech","Bay, Bridge(s), City Lights, Park, Water",2022,94130,515,Owner,,,1
847 Arguello Boulevard,2,0,2,938,San Francisco,San Francisco,6,12/31/2026 12:00:00 AM,0,,,TRUE,684,0,(415) 861-9980,,998000,08/13/2026 12:00:00 AM,0.092,3987,0,SF426154087,08/13/2026 12:00:00 AM,998000,1644-041,Residential,-122.458781,37.774972,California,Active,08/13/2026 12:00:00 AM,,,1983,94118,1,,,,0
2238 Market Street,1,0,1,801,San Francisco,San Francisco,,12/18/2026 12:00:00 AM,0,,"Barbecue Area, Roof Deck, Security Gate(s)",TRUE,770,0,,,998000,09/25/2026 12:00:00 AM,0.522,22752,0,SF426152158,09/25/2026 12:00:00 AM,998000,3560-098,Residential,-122.432303,37.765384,California,Active,09/25/2026 12:00:00 AM,Custom,Garden/Greenbelt,2022,94114,107,,,,0
42 Megan Drive,2,0,4,1834,San Francisco,San Francisco,,01/28/2027 12:00:00 AM,1,,None,TRUE,232,1,,,998000,07/28/2026 12:00:00 AM,0.072,3119,0,ML82055813,07/28/2026 9:07:01 PM,998000,5054A-119,Residential,-122.398173,37.713931,California,Active,07/28/2026 9:07:01 PM,,"City Lights, Mountains",2008,94134,,,,,2
38 Bryant Street,2,0,2,1120,San Francisco,San Francisco,,11/30/2026 12:00:00 AM,0,,"Gym/ Exercise Facility, Sauna/ Spa/ Hot Tub",TRUE,1062,0,,,998000,11/29/2026 12:00:00 AM,0.735,32017,0,SF426146443,11/29/2026 12:00:00 AM,998000,3768-029,Residential,-122.388734,37.787183,California,Active,11/29/2026 12:00:00 AM,,,1994,94105,304,,,,0
753 Spruce Street,2,0,4,0,San Francisco,San Francisco,53,05/08/2027 12:00:00 AM,0,,,TRUE,325,1,,,998000,06/27/2026 12:00:00 AM,0.059,2575,0,SF426142949,06/27/2026 12:00:00 AM,998000,1087-038,Residential,-122.453265,37.780943,California,Active,06/27/2026 12:00:00 AM,Flat/Low Pitch,,1908,94118,,,,,0
451 Kansas Street,2,0,2,970,San Francisco,San Francisco,,12/31/2026 12:00:00 AM,0,,,TRUE,812,0,,,995000,08/21/2026 12:00:00 AM,1.844,80311,0,SF426153268,08/21/2026 12:00:00 AM,995000,3978-085,Residential,-122.403233,37.764082,California,Active,08/21/2026 12:00:00 AM,,,2007,94107,456,,,,0
582 Douglass Street,1,0,1,1033,San Francisco,San Francisco,,12/24/2026 12:00:00 AM,0,,,TRUE,350,1,(415) 506-1412,,995000,08/21/2026 12:00:00 AM,0.063,2749,0,SF426155134,08/21/2026 12:00:00 AM,995000,2766-040,Residential,-122.438988,37.754455,California,Active,08/21/2026 12:00:00 AM,"Mediterranean, Flat/Low Pitch",,1927,94114,,,,,0
181 Ofarrell Street,1,1,1,1334,San Francisco,San Francisco,1,12/15/2026 12:00:00 AM,0,,,TRUE,,0,,,995000,08/19/2026 12:00:00 AM,0.434,18882,0,SF426151750,08/19/2026 12:00:00 AM,995000,0327-032,Residential,-122.407564,37.786274,California,Active,08/19/2026 12:00:00 AM,"Luxury, Modern/High Tech",,2006,94105,305,,,,0
603 Carolina Street,2,0,2,1050,San Francisco,San Francisco,7,12/02/2026 12:00:00 AM,0,,"Club House, Gym/ Exercise Facility, Pool, Sauna, Sauna/ Spa/ Hot Tub, Tennis Court(s)",TRUE,1081,0,,,995000,08/12/2026 12:00:00 AM,,0,0,SF426151409,08/12/2026 12:00:00 AM,995000,4070-058,Residential,-122.399993,37.760982,California,Active,08/12/2026 12:00:00 AM,,"Bay, Bridge(s), City, Bay Bridge, San Francisco, City Lights, Downtown",1978,94107,,,,,0
50 Lansing Street,1,1,1,947,San Francisco,San Francisco,36,07/02/2027 12:00:00 AM,0,,"Gym/ Exercise Facility, Barbecue Area",TRUE,1037,0,,,995000,07/14/2026 12:00:00 AM,0.461,20082,0,SF426146788,07/14/2026 12:00:00 AM,1055000,3749-196,Residential,-122.394326,37.786146,California,Active,07/14/2026 12:00:00 AM,Luxury,,2006,94105,110,,,,0
1388 Gough Street,2,0,2,1296,San Francisco,San Francisco,35,12/14/2026 12:00:00 AM,0,,"Gym/ Exercise Facility, Other",TRUE,1914,0,,,995000,07/15/2026 12:00:00 AM,0.575,25061,0,SF426146706,07/15/2026 12:00:00 AM,995000,0696-040,Residential,-122.424516,37.785943,California,Active,07/15/2026 12:00:00 AM,Contemporary,Garden/Greenbelt,1993,94109,407,,,,0
1702 Washington Street,2,0,2,875,San Francisco,San Francisco,,12/16/2026 12:00:00 AM,0,,,TRUE,951,1,,,995000,09/15/2026 12:00:00 AM,0.145,6300,0,SF426140903,09/15/2026 12:00:00 AM,995000,0598-020,Residential,-122.421536,37.793405,California,Active,09/15/2026 12:00:00 AM,Luxury,,2001,94109,104,,,,0
1702 Washington Street,1,1,2,981,San Francisco,San Francisco,,11/18/2026 12:00:00 AM,0,,,TRUE,963,0,,,995000,09/15/2026 12:00:00 AM,0.145,6300,0,SF426137218,09/15/2026 12:00:00 AM,995000,0598-032,Residential,-122.421536,37.793405,California,Active,09/15/2026 12:00:00 AM,Luxury,,2001,94109,402,,,,0
2177 3rd Street,1,0,1,691,San Francisco,San Francisco,,09/15/2026 12:00:00 AM,0,,"Club House, Gym/ Exercise Facility, Recreation Room, Roof Deck",TRUE,1071,0,,,989000,08/21/2026 12:00:00 AM,0.679,29581,0,SF426147422,08/21/2026 12:00:00 AM,989000,4045-238,Residential,-122.388416,37.762299,California,Active,08/21/2026 12:00:00 AM,Luxury,,2020,94107,608,,,,0
229 Brannan Street,1,1,1,1047,San Francisco,San Francisco,51,10/31/2026 12:00:00 AM,0,,"Gym/ Exercise Facility, Pool, Sauna/ Spa/ Hot Tub",TRUE,1777,1,(415) 348-0092,,979000,06/29/2026 12:00:00 AM,1.905,82966,0,SF426139764,06/29/2026 12:00:00 AM,979000,3789-651,Residential,-122.390297,37.78244,California,Active,06/29/2026 12:00:00 AM,Luxury,,2001,94107,2C,,,,18
241 10th Street,2,0,2,972,San Francisco,San Francisco,19,10/29/2026 12:00:00 AM,0,,,TRUE,914,0,(415) 906-7737,,950900,07/31/2026 12:00:00 AM,0.205,8923,0,SF426151277,07/31/2026 12:00:00 AM,950000,3518-128,Residential,-122.413432,37.773693,California,Active,07/31/2026 12:00:00 AM,,"City, San Francisco",2017,94103,302,,,,0
111 Chestnut Street,2,0,2,1033,San Francisco,San Francisco,,10/29/2026 12:00:00 AM,0,,"Club House, Gym/ Exercise Facility, Sauna",TRUE,1262,0,,,950000,08/20/2026 12:00:00 AM,1.152,50188,0,SF426150660,08/20/2026 12:00:00 AM,950000,0060-237,Residential,-122.405773,37.804326,California,Active,08/20/2026 12:00:00 AM,,Garden/Greenbelt,1993,94111,402,,,,0
2040 Franklin Street,1,0,1,952,San Francisco,San Francisco,12,12/03/2026 12:00:00 AM,0,,,TRUE,1518,0,(415) 775-3463,,950000,08/07/2026 12:00:00 AM,,0,0,SF426149032,08/07/2026 12:00:00 AM,950000,0599-076,Residential,-122.424507,37.793407,California,Active,08/07/2026 12:00:00 AM,,"Bay, San Francisco",1966,94109,1004,,,,0
1 Daniel Burnham Court,2,0,2,1149,San Francisco,San Francisco,28,12/31/2026 12:00:00 AM,0,,"Gym/ Exercise Facility, Pool, Sauna, Sauna/ Spa/ Hot Tub",TRUE,1903,0,,,950000,07/22/2026 12:00:00 AM,1.06,46157,0,SF426148590,07/22/2026 12:00:00 AM,950000,0690-196,Residential,-122.421906,37.786783,California,Active,07/22/2026 12:00:00 AM,,"City, City Lights, Downtown",1988,94109,912,,,,0
631 Folsom Street,2,0,2,906,San Francisco,San Francisco,41,10/31/2026 12:00:00 AM,0,,,TRUE,1297,1,,,950000,07/09/2026 12:00:00 AM,0.874,38089,0,SF426144380,07/09/2026 12:00:00 AM,950000,3750-679,Residential,-122.396951,37.784907,California,Active,07/09/2026 12:00:00 AM,"Contemporary, Luxury","City, Downtown",2009,94107,15E,,,,0
130 23rd Avenue,1,1,2,896,San Francisco,San Francisco,70,12/03/2026 12:00:00 AM,1,,,TRUE,600,0,,,950000,06/10/2026 12:00:00 AM,0.07,3055,0,SF426137397,06/10/2026 12:00:00 AM,950000,1382-062,Residential,-122.482701,37.785245,California,Active,06/10/2026 12:00:00 AM,,,1965,94121,1,,,,0
1884 Bush Street,2,0,2,934,San Francisco,San Francisco,,12/31/2026 12:00:00 AM,1,,,TRUE,385,0,,,950000,05/25/2026 12:00:00 AM,,,0,ML82048457,05/25/2026 9:46:25 AM,950000,0663-057,Residential,-122.428291,37.787808,California,Active,05/25/2026 9:46:25 AM,,,1900,94109,,Gopinath Dhatheshvar Challa,,,1
990 Duncan Street,2,0,2,1175,San Francisco,San Francisco,,12/08/2026 12:00:00 AM,0,,,TRUE,,0,,,949000,09/17/2026 12:00:00 AM,0.158,6897,0,SF426155104,09/17/2026 12:00:00 AM,949000,7517-192,Residential,-122.442648,37.745315,California,Active,09/17/2026 12:00:00 AM,,,1972,94131,204G,,,,0
988 Harrison Street,2,0,2,0,San Francisco,San Francisco,14,08/05/2027 12:00:00 AM,0,,"Barbecue Area, Roof Deck",TRUE,684,0,,,949000,08/05/2026 12:00:00 AM,,0,0,SF426152433,08/05/2026 12:00:00 AM,949000,3753-148A,Residential,-122.404119,37.777586,California,Active,08/05/2026 12:00:00 AM,"Contemporary, Modern/High Tech","City, Bay Bridge, San Francisco",2025,94107,HJ8,,,,0
340 6th Street,2,0,2,1718,San Francisco,San Francisco,,01/06/2027 12:00:00 AM,0,,,TRUE,751,0,,,949000,09/01/2026 12:00:00 AM,0.103,4500,0,SF426150447,09/01/2026 12:00:00 AM,949000,3754-074,Residential,-122.405181,37.777855,California,Active,09/01/2026 12:00:00 AM,,,1997,94103,301,,,,0
3535 Wawona St ,2,0,2,1011,San Francisco,San Francisco,16,,0,,Club House,TRUE,743,0,(415) 432-7941,,945000,08/03/2026 12:00:00 AM,0,34052,0,BE41143718,,945000,2515-024,Residential,-122.504653,37.735803,California,Active,08/10/2026 12:00:00 AM,Custom,,2020,94116,315,,,,1
1408 31st Avenue,2,0,2,976,San Francisco,San Francisco,26,10/15/2026 12:00:00 AM,0,,Roof Deck,TRUE,530,0,,,945000,07/24/2026 12:00:00 AM,0.247,10750,0,SF426149001,07/24/2026 12:00:00 AM,945000,1823-070,Residential,-122.489739,37.76091,California,Active,07/24/2026 12:00:00 AM,"Contemporary, Luxury","Golden Gate Bridge, Hills",2008,94122,307,,,,0
5150 Diamond Heights Boulevard,2,0,2,1175,San Francisco,San Francisco,,12/31/2026 12:00:00 AM,0,,"Club House, Gym/ Exercise Facility, Pool, Sauna, Sauna/ Spa/ Hot Tub",TRUE,1051,0,,,925000,11/30/2026 12:00:00 AM,0.166,7215,0,SF426111247,11/30/2026 12:00:00 AM,925000,7517-064,Residential,-122.440544,37.746738,California,Active,11/30/2026 12:00:00 AM,,,1972,94131,208B,,,,0
403 Main Street,1,0,1,910,San Francisco,San Francisco,116,09/01/2026 12:00:00 AM,0,,"Gym/ Exercise Facility, Pool, Sauna/ Spa/ Hot Tub",TRUE,972,0,(415) 777-1696,,910000,04/25/2026 12:00:00 AM,0.667,29037,0,SF426125224,04/25/2026 12:00:00 AM,910000,3768-222,Residential,-122.389603,37.788077,California,Active,04/25/2026 12:00:00 AM,,"Bay, City, Bay Bridge, San Francisco, City Lights",1997,94105,506N,,,,0
555 4th Street,2,0,2,1150,San Francisco,San Francisco,0,12/31/2026 12:00:00 AM,0,,"Club House, Exercise Course, Gym/ Exercise Facility",TRUE,869,0,,,899000,08/19/2026 12:00:00 AM,1.452,63237,0,SF426155112,08/19/2026 12:00:00 AM,899000,3776-352,Residential,-122.396728,37.779448,California,Active,08/19/2026 12:00:00 AM,Luxury,"City, San Francisco, Twin Peaks, City Lights",0,94107,731,,,,0
574 26th Avenue,2,0,1,692,San Francisco,San Francisco,2,10/06/2026 12:00:00 AM,0,,,TRUE,302,0,,,899000,08/17/2026 12:00:00 AM,0.08,3462,0,SF426153067,08/17/2026 12:00:00 AM,899000,1519-059,Residential,-122.485455,37.778624,California,Active,08/17/2026 12:00:00 AM,Edwardian,,1923,94121,1,,,,0
855 Folsom Street,1,1,1,0,San Francisco,San Francisco,5,10/20/2026 12:00:00 AM,0,,,TRUE,1021,1,,,899000,08/14/2026 12:00:00 AM,1.278,55687,0,SF426153295,08/14/2026 12:00:00 AM,899000,3752-359,Residential,-122.40195,37.780896,California,Active,08/14/2026 12:00:00 AM,,,2001,94107,910,,,,0
1 Bristol Court,1,0,1,921,San Francisco,San Francisco,133,08/31/2026 12:00:00 AM,0,,"Park, Gym/ Exercise Facility, Barbecue Area, Recreation Room, Roof Deck, Dog Park, , Trail(s)",TRUE,1804,1,,,899000,04/08/2026 12:00:00 AM,,0,0,SF426119357,04/08/2026 12:00:00 AM,899000,8954-068,Residential,-122.365285,37.811408,California,Active,04/08/2026 12:00:00 AM,"Contemporary, Modern/High Tech","Park, Garden/Greenbelt",0,94130,111,,,,0
1388 Gough Street,2,0,2,1382,San Francisco,San Francisco,160,09/30/2026 12:00:00 AM,0,,,TRUE,2041,1,,,899000,03/12/2026 12:00:00 AM,0.575,25061,0,SF426110233,03/12/2026 12:00:00 AM,1000000,0696-049,Residential,-122.424516,37.785943,California,Active,03/12/2026 12:00:00 AM,"Luxury, Modern/High Tech","San Francisco, City Lights",1993,94109,601,,,,0
501 Beale Street,1,0,1,801,San Francisco,San Francisco,84,12/31/2026 12:00:00 AM,0,,"Gym/ Exercise Facility, Barbecue Area, Pool",TRUE,1399,0,(415) 284-2102,,899000,05/27/2026 12:00:00 AM,0.519,22594,0,SF426110616,05/27/2026 12:00:00 AM,899000,3771-042,Residential,-122.389116,37.786253,California,Active,05/27/2026 12:00:00 AM,Contemporary,"Bay, Bay Bridge, San Francisco, Water, City Lights",2006,94105,8C,,,,0
420 Mission Bay Boulevard,1,0,1,928,San Francisco,San Francisco,,02/28/2027 12:00:00 AM,0,,"Club House, Park, Gym/ Exercise Facility, Barbecue Area, Pool, Sauna, Sauna/ Spa/ Hot Tub, Workshop Area",TRUE,1261,0,,,899000,09/18/2026 12:00:00 AM,2.821,122891,0,SF426105057,09/18/2026 12:00:00 AM,899000,8720-136,Residential,-122.38825,37.77126,California,Active,09/18/2026 12:00:00 AM,Luxury,,2012,94158,120,,,,0
501 Arguello Boulevard ,2,0,2,1187,San Francisco,San Francisco,10,,1,,,TRUE,1048,1,(415) 877-7689,,898000,08/10/2026 12:00:00 AM,0.19,8250,0,EB41144480,,898000,1543-056,Residential,-122.458954,37.780237,California,Active,08/17/2026 12:00:00 AM,Contemporary,,1987,94118,301,,,,
1461 Broadway Street,2,0,2,950,San Francisco,San Francisco,132,09/29/2026 12:00:00 AM,1,,Roof Deck,TRUE,1187,0,,,896000,04/09/2026 12:00:00 AM,0.257,11174,0,SF426120053,04/09/2026 12:00:00 AM,995000,0573-033,Residential,-122.421286,37.795731,California,Active,04/09/2026 12:00:00 AM,,"Bay, Golden Gate Bridge, City, City Lights",1981,94109,405,,,,0
425 26th Avenue,1,1,2,1000,San Francisco,San Francisco,7,10/28/2026 12:00:00 AM,0,,,TRUE,300,1,,,895000,08/12/2026 12:00:00 AM,0.08,3494,0,SF426154127,08/12/2026 12:00:00 AM,895000,1458-074,Residential,-122.486223,37.781478,California,Active,08/12/2026 12:00:00 AM,,,1975,94121,1,,,,0
140 Van Ness Ave ,2,0,2,1160,San Francisco,San Francisco,21,,0,,Gym/ Exercise Facility,TRUE,890,2,(415) 921-5733,,895000,07/30/2026 12:00:00 AM,0.99,43147,0,EB41143395,,895000,3514-118,Residential,-122.418559,37.771627,California,Active,08/06/2026 12:00:00 AM,Contemporary,,2002,94103,529,,,,
325 Berry Street,1,0,1,882,San Francisco,San Francisco,,12/31/2026 12:00:00 AM,0,,"Gym/ Exercise Facility, Barbecue Area",TRUE,961,0,(415) 742-9788,,895000,08/28/2026 12:00:00 AM,0.956,41654,0,SF426150130,08/28/2026 12:00:00 AM,895000,8707-029,Residential,-122.395666,37.77337,California,Active,08/28/2026 12:00:00 AM,"Luxury, Modern/High Tech",,2007,94158,306,,,,0
425 1st Street,1,0,1,710,San Francisco,San Francisco,,12/24/2026 12:00:00 AM,0,,"Club House, Gym/ Exercise Facility, Pool, Recreation Room, Dog Park, Sauna, Sauna/ Spa/ Hot Tub, Workshop Area, Dog Run",TRUE,1425,0,,,895000,09/01/2026 12:00:00 AM,1.286,56024,0,SF426124246,09/01/2026 12:00:00 AM,895000,3765-137,Residential,-122.392037,37.786026,California,Active,09/01/2026 12:00:00 AM,Luxury,"Bay, Hills, City, Mountains, San Francisco, Twin Peaks, City Lights, Downtown",2008,94105,2005,,,,0
220 Lombard Street,1,0,1,976,San Francisco,San Francisco,92,12/31/2026 12:00:00 AM,0,,"Gym/ Exercise Facility, Sauna",TRUE,1185,1,,,895000,05/19/2026 12:00:00 AM,1.152,50188,0,SF426130807,05/19/2026 12:00:00 AM,895000,0060-055,Residential,-122.4054,37.804244,California,Active,05/19/2026 12:00:00 AM,"Contemporary, Luxury, Flat/Low Pitch",,1992,94111,414,,,,0
1155 Pine Street,0,0,0,2627,San Francisco,San Francisco,419,06/30/2027 12:00:00 AM,0,,,TRUE,1441,0,,,895000,06/26/2025 12:00:00 AM,0.119,5169,0,SF425052788,06/26/2025 12:00:00 AM,995000,0276-099,Residential,-122.414877,37.79009,California,Active,06/26/2025 12:00:00 AM,Flat/Low Pitch,,1913,94109,17,,,,0
1620 Broadway ,1,0,1,785,San Francisco,San Francisco,2,12/31/2026 12:00:00 AM,,,,TRUE,579,0,,,888000,08/17/2026 12:00:00 AM,,0,0,ML82057657,08/17/2026 12:00:00 AM,888000,0570-009,Residential,-122.424184,37.79589,California,Active,08/13/2026 6:31:13 PM,Contemporary,Other,1900,94109,5,,,,
300 Berry Street,2,0,1,888,San Francisco,San Francisco,,12/02/2026 12:00:00 AM,0,,,TRUE,846,0,,,888000,08/21/2026 12:00:00 AM,0.961,41861,0,SF426143974,08/21/2026 12:00:00 AM,888000,8704-019,Residential,-122.396231,37.773892,California,Active,08/21/2026 12:00:00 AM,,,2009,94158,118,,,,0
2039 Hayes Street,1,0,1,691,San Francisco,San Francisco,,12/31/2026 12:00:00 AM,0,,,TRUE,285,0,,,885000,08/20/2026 12:00:00 AM,0.078,3411,0,SF426155204,08/20/2026 12:00:00 AM,885000,1211-051,Residential,-122.450064,37.773343,California,Active,08/20/2026 12:00:00 AM,"Edwardian, Flat/Low Pitch","Panoramic, City Lights, Garden/Greenbelt",1915,94117,1,,,,0
451 Kansas Street,1,0,1,791,San Francisco,San Francisco,2,12/31/2026 12:00:00 AM,0,,"Gym/ Exercise Facility, Roof Deck",TRUE,750,1,,,869000,08/17/2026 12:00:00 AM,1.844,80311,0,SF426154523,08/17/2026 12:00:00 AM,869000,3978-120,Residential,-122.403233,37.764082,California,Active,08/17/2026 12:00:00 AM,Contemporary,Garden/Greenbelt,2007,94107,509,,,,0
988 Harrison Street,2,0,2,0,San Francisco,San Francisco,7,08/12/2027 12:00:00 AM,0,,"Barbecue Area, Roof Deck",TRUE,589,0,,,869000,08/12/2026 12:00:00 AM,,0,0,SF426154468,08/12/2026 12:00:00 AM,869000,3753-148,Residential,-122.404119,37.777586,California,Active,08/12/2026 12:00:00 AM,"Contemporary, Modern/High Tech","City, Bay Bridge, San Francisco",2025,94107,HJ9,,,,0
1 Bristol Court,1,0,1,898,San Francisco,San Francisco,7,11/30/2026 12:00:00 AM,0,,"Park, Gym/ Exercise Facility, Barbecue Area, Recreation Room, Roof Deck, Dog Park, , Trail(s)",TRUE,901,0,,,860000,08/12/2026 12:00:00 AM,,0,0,SF426153491,08/12/2026 12:00:00 AM,860000,8954-142,Residential,-122.365043,37.811167,California,Active,08/12/2026 12:00:00 AM,"Contemporary, Modern/High Tech","Park, Garden/Greenbelt",0,94130,411,,,,1
1 Bristol Court,1,0,1,965,San Francisco,San Francisco,133,08/31/2026 12:00:00 AM,0,,"Park, Gym/ Exercise Facility, Barbecue Area, Recreation Room, Roof Deck, Dog Park, , Trail(s)",TRUE,1808,0,,,855000,04/08/2026 12:00:00 AM,,0,0,SF426119352,04/08/2026 12:00:00 AM,810000,8954-102,Residential,-122.365285,37.811408,California,Active,04/08/2026 12:00:00 AM,"Contemporary, Modern/High Tech","Park, Garden/Greenbelt",0,94130,223,,,,1
2040 Franklin Street,2,0,2,1177,San Francisco,San Francisco,0,12/31/2026 12:00:00 AM,0,,Roof Deck,TRUE,1616,1,,,850000,08/19/2026 12:00:00 AM,0.329,14332,0,SF426155551,08/19/2026 12:00:00 AM,850000,0599-036,Residential,-122.424507,37.793407,California,Active,08/19/2026 12:00:00 AM,Other,"Park, City Lights",1966,94109,509,,,,0
50 Jerrold Avenue,2,0,2,1238,San Francisco,San Francisco,,11/06/2026 12:00:00 AM,1,,,TRUE,729,0,,,849000,08/20/2026 12:00:00 AM,0.563,24525,0,SF426155098,08/20/2026 12:00:00 AM,849000,4591-C546,Residential,-122.369524,37.72776,California,Active,08/20/2026 12:00:00 AM,Contemporary,"Bay, Bridge(s), City, Bay Bridge, Ocean, Panoramic, San Francisco, Water, City Lights, Downtown",2016,94124,412,,,,0
28 Megan Drive,2,0,2,1333,San Francisco,San Francisco,14,10/31/2026 12:00:00 AM,,,,TRUE,325,1,(415) 221-6151,,849000,08/05/2026 12:00:00 AM,0.076,,0,ML82055819,08/05/2026 12:00:00 AM,849000,5054A-116,Residential,-122.39827,37.714099,California,Active,07/28/2026 11:46:48 PM,,,2008,94134,1,Philip Jung,,,
5900 3rd Street,2,0,2,1295,San Francisco,San Francisco,75,08/31/2026 12:00:00 AM,0,,,TRUE,690,0,,,849000,06/05/2026 12:00:00 AM,2.952,128582,0,SF426136520,06/05/2026 12:00:00 AM,849000,5431-B127,Residential,-122.395365,37.724749,California,Active,06/05/2026 12:00:00 AM,,,2010,94124,2409,,,,0
2081 Golden Gate Avenue,1,0,1,722,San Francisco,San Francisco,11,01/01/2027 12:00:00 AM,0,,,TRUE,408,0,,,810000,08/08/2026 12:00:00 AM,0.057,2499,0,SF426148680,08/08/2026 12:00:00 AM,810000,1159-071,Residential,-122.444768,37.777716,California,Active,08/08/2026 12:00:00 AM,Victorian,,1900,94115,,,,,3
1310 Fillmore Street,1,0,1,810,San Francisco,San Francisco,,11/22/2026 12:00:00 AM,0,,"Barbecue Area, Roof Deck, Dog Park",TRUE,987,1,,,799000,08/24/2026 12:00:00 AM,1.215,52938,0,SF426149864,08/24/2026 12:00:00 AM,799000,0732-063,Residential,-122.432037,37.782066,California,Active,08/24/2026 12:00:00 AM,,,2007,94115,509,,,,0
249 Shipley Street,1,1,1,892,San Francisco,San Francisco,,02/01/2027 12:00:00 AM,1,,,TRUE,,1,,,799000,01/31/2027 12:00:00 AM,0.128,5591,0,SF426151426,01/31/2027 12:00:00 AM,799000,3753-214,Residential,-122.40378,37.778891,California,Active,01/31/2027 12:00:00 AM,,"San Francisco, City Lights",1999,94107,8,,,,0
988 Harrison Street,2,0,2,0,San Francisco,San Francisco,42,07/08/2027 12:00:00 AM,0,,"Barbecue Area, Roof Deck",TRUE,589,0,,,799000,07/08/2026 12:00:00 AM,,0,0,SF426145603,07/08/2026 12:00:00 AM,799000,3753-148,Residential,-122.404119,37.777586,California,Active,07/08/2026 12:00:00 AM,"Contemporary, Modern/High Tech","City, Bay Bridge, San Francisco",2025,94107,HJ6,,,,0
2171 Mission Street,2,0,2,1009,San Francisco,San Francisco,9,11/11/2026 12:00:00 AM,0,,Other,TRUE,600,1,,,799000,08/10/2026 12:00:00 AM,0.117,5098,0,SF426144951,08/10/2026 12:00:00 AM,799000,3575-108,Residential,-122.419143,37.762267,California,Active,08/10/2026 12:00:00 AM,,,2000,94110,201,,,,0
1 Daniel Burnham Court,2,0,2,1131,San Francisco,San Francisco,44,12/31/2026 12:00:00 AM,0,,,TRUE,1903,0,,,799000,07/06/2026 12:00:00 AM,1.06,46157,0,SF426144365,07/06/2026 12:00:00 AM,875000,0690-085,Residential,-122.421906,37.786783,California,Active,07/06/2026 12:00:00 AM,Luxury,Downtown,1988,94109,412,,,,0
1075 Market Street,2,0,2,933,San Francisco,San Francisco,82,12/16/2026 12:00:00 AM,0,,"Roof Deck, Dog Park",TRUE,1109,0,,,799000,05/29/2026 12:00:00 AM,0.282,12286,0,SF426134515,05/29/2026 12:00:00 AM,825000,3703-287,Residential,-122.411752,37.780884,California,Active,05/29/2026 12:00:00 AM,,,2018,94103,412,,,,0
201 Sansome Street,1,0,1,658,San Francisco,San Francisco,,12/31/2026 12:00:00 AM,0,,"Recreation Room, Roof Deck",TRUE,1011,0,(415) 401-2085,,798000,08/19/2026 12:00:00 AM,0.135,5876,0,SF426155910,08/19/2026 12:00:00 AM,798000,0260-029,Residential,-122.401228,37.792231,California,Active,08/19/2026 12:00:00 AM,Luxury,"City, San Francisco, Downtown",1909,94104,401,,,,0
753 Burrows Street,1,0,2,818,San Francisco,San Francisco,40,12/18/2026 12:00:00 AM,0,,Garden/ Greenbelt/ Trails,TRUE,400,1,(415) 215-7822,,798000,07/10/2026 12:00:00 AM,0.811,35343,0,SF426146112,07/10/2026 12:00:00 AM,798000,5988-036,Residential,-122.410686,37.726995,California,Active,07/10/2026 12:00:00 AM,,"Hills, City",1986,94134,14,,,,0
601 Van Ness Avenue,2,0,3,1136,San Francisco,San Francisco,,12/31/2026 12:00:00 AM,0,,"Gym/ Exercise Facility, Pool, Racquetball, Sauna, Sauna/ Spa/ Hot Tub, Game Court - Indoor",TRUE,1550,0,,,795000,10/31/2026 12:00:00 AM,2.429,105806,0,SF426155466,10/31/2026 12:00:00 AM,795000,0762-068,Residential,-122.420831,37.781512,California,Active,10/31/2026 12:00:00 AM,,San Francisco,1982,94102,68,,,,0
321 Langton Street,2,0,1,994,San Francisco,San Francisco,7,10/31/2026 12:00:00 AM,1,,None,TRUE,442,0,(415) 642-1121,,789000,08/12/2026 12:00:00 AM,0.159,6944,0,SF426153650,08/12/2026 12:00:00 AM,789000,3780-102,Residential,-122.404743,37.773636,California,Active,08/12/2026 12:00:00 AM,,,1999,94103,9,,,,0
767 Bryant Street,2,0,1,919,San Francisco,San Francisco,28,10/13/2026 12:00:00 AM,0,,,TRUE,813,1,,,789000,07/22/2026 12:00:00 AM,0.252,10971,0,SF426145578,07/22/2026 12:00:00 AM,789000,3778-081,Residential,-122.401605,37.776375,California,Active,07/22/2026 12:00:00 AM,Contemporary,,2002,94107,404,,,,4
1818 Broadway Street,1,0,1,625,San Francisco,San Francisco,29,12/31/2026 12:00:00 AM,0,,Roof Deck,TRUE,733,0,(415) 431-7655,,779000,07/21/2026 12:00:00 AM,0.178,7740,0,SF426148470,07/21/2026 12:00:00 AM,779000,0568-031,Residential,-122.427658,37.795434,California,Active,07/21/2026 12:00:00 AM,,,1969,94109,201,,,,0
161 Capp Street,1,0,2,850,San Francisco,San Francisco,33,12/31/2026 12:00:00 AM,0,,,TRUE,475,0,,,779000,07/17/2026 12:00:00 AM,0.065,2832,0,SF426140169,07/17/2026 12:00:00 AM,779000,3570-139,Residential,-122.418508,37.764135,California,Active,07/17/2026 12:00:00 AM,,,1907,94110,,,,,0
301 Mission Street,1,0,1,833,San Francisco,San Francisco,,07/29/2027 12:00:00 AM,0,,,TRUE,2000,0,,,775000,10/01/2026 12:00:00 AM,1.163,50667,0,SF426151233,10/01/2026 12:00:00 AM,775000,3719-137,Residential,-122.396153,37.790382,California,Active,10/01/2026 12:00:00 AM,Luxury,,2009,94105,17C,,,,0
555 4th Street,1,0,1,752,San Francisco,San Francisco,84,10/31/2026 12:00:00 AM,0,,,TRUE,775,0,(415) 777-6600,,775000,05/27/2026 12:00:00 AM,1.452,63237,0,SF426133501,05/27/2026 12:00:00 AM,775000,3776-328,Residential,-122.396728,37.779448,California,Active,05/27/2026 12:00:00 AM,"Contemporary, Luxury",City,2006,94107,707,,,,9
281 Clara Street,1,1,1,992,San Francisco,San Francisco,84,10/25/2026 12:00:00 AM,1,,"Roof Deck, Security Gate(s)",TRUE,725,1,(650) 303-0356,,770000,05/27/2026 12:00:00 AM,0.1,4344,0,SF426125339,05/27/2026 12:00:00 AM,785000,3753-163,Residential,-122.403997,37.778006,California,Active,05/27/2026 12:00:00 AM,,City,1996,94114,6,,,,0
8 Buchanan Street,1,0,1,836,San Francisco,San Francisco,20,12/31/2026 12:00:00 AM,0,,,TRUE,800,0,,,760000,07/30/2026 12:00:00 AM,0.485,21140,0,SF426147841,07/30/2026 12:00:00 AM,760000,0872-040,Residential,-122.426452,37.769987,California,Active,07/30/2026 12:00:00 AM,,,2014,94102,211,,,,0
260 King Street,1,0,1,827,San Francisco,San Francisco,40,10/15/2026 12:00:00 AM,,,,TRUE,1033,0,,,759000,07/10/2026 12:00:00 AM,,,0,ML82053823,07/10/2026 9:53:26 AM,759000,8702-471,Residential,-122.393468,37.777352,California,Active,07/10/2026 9:53:26 AM,,,2004,94107,555,Rita Wong,,,
301 Bryant Street,1,0,1,795,San Francisco,San Francisco,16,12/31/2026 12:00:00 AM,0,,,TRUE,1048,0,(415) 250-6904,,750000,08/03/2026 12:00:00 AM,0.018,795,0,SF426151531,08/03/2026 12:00:00 AM,750000,3774-150,Residential,-122.391462,37.784528,California,Active,08/03/2026 12:00:00 AM,,,1991,94107,D11,,,,0
5900 3Rd St ,2,0,2,1016,San Francisco,San Francisco,117,,0,,Garden/ Greenbelt/ Trails,TRUE,600,1,(800) 428-5588,,750000,04/24/2026 12:00:00 AM,0,0,0,CC41132249,,780000,5431-B132,Residential,-122.395365,37.724749,California,Active,07/02/2026 12:00:00 AM,Contemporary,City Lights,2010,94124,2414,,,,
5301 Mission Street,2,0,3,999,San Francisco,San Francisco,33,11/08/2026 12:00:00 AM,,,,TRUE,488,1,(415) 240-4140,,749999,07/17/2026 12:00:00 AM,,,0,ML82054690,07/17/2026 5:30:53 PM,749999,6461-037,Residential,-122.442619,37.714372,California,Active,07/17/2026 5:30:53 PM,,,2001,94112,1,Lee David C,,,
1678 Wallace Avenue,2,0,3,1911,San Francisco,San Francisco,126,12/31/2026 12:00:00 AM,0,,Barbecue Area,TRUE,550,1,,,749888,04/15/2026 12:00:00 AM,0.057,2500,0,SF426121923,04/15/2026 12:00:00 AM,786000,5387-025,Residential,-122.39232,37.728465,California,Active,04/15/2026 12:00:00 AM,Contemporary,"Panoramic, San Francisco, City Lights",1997,94124,,,,,0
51 Innes Court,2,0,2,1119,San Francisco,San Francisco,13,12/19/2026 12:00:00 AM,0,,Barbecue Area,TRUE,750,0,(415) 401-2085,,749800,08/06/2026 12:00:00 AM,0.454,19791,0,SF426149873,08/06/2026 12:00:00 AM,749800,4591-C381,Residential,-122.367734,37.727056,California,Active,08/06/2026 12:00:00 AM,Contemporary,"Bay, Mountains",2017,94124,401,,,,4
5800 3rd Street,2,0,2,1051,San Francisco,San Francisco,13,12/31/2026 12:00:00 AM,0,,,TRUE,625,1,(800) 428-5588,,749000,08/06/2026 12:00:00 AM,2.952,128582,0,SF426152314,08/06/2026 12:00:00 AM,749000,5431-B047,Residential,-122.394737,37.725425,California,Active,08/06/2026 12:00:00 AM,Modern/High Tech,Garden/Greenbelt,2010,94124,1310,,,,0
1 Bristol Court,1,0,1,930,San Francisco,San Francisco,12,10/31/2026 12:00:00 AM,0,,"Park, Gym/ Exercise Facility, Barbecue Area, Recreation Room, Roof Deck, Dog Park, , Trail(s)",TRUE,1805,0,,,749000,08/07/2026 12:00:00 AM,,0,0,SF426152385,08/07/2026 12:00:00 AM,749000,8954-084,Residential,-122.365043,37.811167,California,Active,08/07/2026 12:00:00 AM,"Contemporary, Modern/High Tech","Park, Garden/Greenbelt",0,94130,205,,,,1
1372 Natoma Street,1,0,2,867,San Francisco,San Francisco,44,09/19/2026 12:00:00 AM,,,,TRUE,350,0,,,749000,07/06/2026 12:00:00 AM,0.046,2000,0,ML82053252,07/06/2026 6:27:11 PM,749000,3548-071,Residential,-122.418628,37.767265,California,Active,07/06/2026 6:27:11 PM,,,1906,94103,,,,,
301 Mission Street,1,0,1,833,San Francisco,San Francisco,49,12/31/2026 12:00:00 AM,,,,TRUE,2115,0,,,748888,07/01/2026 12:00:00 AM,1.163,50667,0,ML82052804,07/01/2026 2:44:16 PM,748888,3719-041,Residential,-122.395922,37.790545,California,Active,07/01/2026 2:44:16 PM,Modern/High Tech,City Lights,2009,94105,5C,,,,1
655 Corbett Avenue,1,0,1,656,San Francisco,San Francisco,,12/31/2026 12:00:00 AM,0,,,TRUE,619,0,,,748000,09/11/2026 12:00:00 AM,0.393,17101,0,SF426155162,09/11/2026 12:00:00 AM,748000,2717-071,Residential,-122.443139,37.75651,California,Active,09/11/2026 12:00:00 AM,Other,,1964,94114,203,,,,0
960 Market Street,1,0,1,697,San Francisco,San Francisco,103,05/20/2027 12:00:00 AM,0,,"Club House, Gym/ Exercise Facility, Barbecue Area, Recreation Room, Roof Deck, Dog Park,",TRUE,857,0,,,735000,05/08/2026 12:00:00 AM,,0,0,SF426129274,05/08/2026 12:00:00 AM,735000,AB03-42,Residential,-122.410004,37.783111,California,Active,05/08/2026 12:00:00 AM,"Luxury, Modern/High Tech","City, City Lights",0,94102,712,,,,12
988 Harrison Street,1,0,1,0,San Francisco,San Francisco,7,08/12/2027 12:00:00 AM,0,,"Barbecue Area, Roof Deck",TRUE,655,0,,,729000,08/12/2026 12:00:00 AM,,0,0,SF426154470,08/12/2026 12:00:00 AM,729000,3753-148,Residential,-122.404119,37.777586,California,Active,08/12/2026 12:00:00 AM,"Contemporary, Modern/High Tech","City, San Francisco, Downtown",2025,94107,WC7,,,,0
960 Market Street,1,0,1,651,San Francisco,San Francisco,44,07/07/2027 12:00:00 AM,0,,"Club House, Gym/ Exercise Facility, Barbecue Area, Recreation Room, Roof Deck, Dog Park",TRUE,857,0,,,729000,07/06/2026 12:00:00 AM,,0,0,SF426144530,07/06/2026 12:00:00 AM,729000,AB03-42D,Residential,-122.410004,37.783111,California,Active,07/06/2026 12:00:00 AM,"Luxury, Modern/High Tech","City, City Lights",0,94102,807,,,,12
946 Stockton Street,2,0,2,769,San Francisco,San Francisco,41,12/20/2026 12:00:00 AM,0,,,TRUE,1032,0,,,725000,07/09/2026 12:00:00 AM,0.231,10061,0,SF426144865,07/09/2026 12:00:00 AM,725000,0210-A047,Residential,-122.407864,37.794835,California,Active,07/09/2026 12:00:00 AM,,,1970,94108,9E,,,,0
370 Bartlett Avenue,1,0,1,845,San Francisco,San Francisco,214,07/27/2027 12:00:00 AM,,,,TRUE,100,1,,,725000,02/01/2026 12:00:00 AM,,,0,ML82033368,11/13/2025 5:07:03 PM,849000,6515-009,Residential,-122.419761,37.751132,California,Active,07/30/2026 12:00:00 AM,,,1960,94110,2,Omar Chavez,,,
960 Market Street,1,0,1,667,San Francisco,San Francisco,58,06/16/2027 12:00:00 AM,0,,"Club House, Gym/ Exercise Facility, Barbecue Area, Recreation Room, Roof Deck, Dog Park",TRUE,857,0,,,713000,06/22/2026 12:00:00 AM,,0,0,SF426141407,06/22/2026 12:00:00 AM,710000,AB03-42D,Residential,-122.410004,37.783111,California,Active,06/22/2026 12:00:00 AM,"Luxury, Modern/High Tech","City, City Lights",0,94102,605,,,,12
1 Crescent Way,2,0,2,984,San Francisco,San Francisco,57,12/31/2026 12:00:00 AM,0,,"Gym/ Exercise Facility, Barbecue Area, Security Gate(s)",TRUE,861,0,(415) 431-7655,,710000,06/23/2026 12:00:00 AM,0.967,42105,0,SF426141604,06/23/2026 12:00:00 AM,820000,4991-324,Residential,-122.390218,37.710856,California,Active,06/23/2026 12:00:00 AM,,Bay,2001,94134,1311,,,,0
1288 Howard St ,1,0,1,617,San Francisco,San Francisco,3,,0,,"Gym/ Exercise Facility, Roof Deck",TRUE,550,1,(800) 400-2284,,705000,08/17/2026 12:00:00 AM,0.875,38097,0,EB41145332,,705000,3728-250,Residential,-122.413199,37.775823,California,Active,08/17/2026 12:00:00 AM,,,2022,94103,322,,,,
8300 Oceanview Terrace,2,0,2,961,San Francisco,San Francisco,16,02/03/2027 12:00:00 AM,0,,,TRUE,1012,0,,,700000,08/03/2026 12:00:00 AM,7.475,325629,0,SF426151747,08/03/2026 12:00:00 AM,700000,7126-A171,Residential,-122.467958,37.710073,California,Active,08/03/2026 12:00:00 AM,Modern/High Tech,,2002,94132,307,,,,0
140 Van Ness Avenue,1,1,1,830,San Francisco,San Francisco,,12/15/2026 12:00:00 AM,0,,"Club House, Gym/ Exercise Facility, Barbecue Area",TRUE,748,1,(415) 237-8005,,700000,09/23/2026 12:00:00 AM,,0,0,SF426150591,09/23/2026 12:00:00 AM,700000,3514-161,Residential,-122.418559,37.771627,California,Active,09/23/2026 12:00:00 AM,Contemporary,"City, San Francisco, City Lights, Garden/Greenbelt",2002,94103,724,,,,2
1016 Noe Street,1,0,1,785,San Francisco,San Francisco,125,12/04/2026 12:00:00 AM,0,,,FALSE,,0,,,700000,04/16/2026 12:00:00 AM,0.057,2483,0,SF426121988,04/16/2026 12:00:00 AM,623000,3655-049,Residential,-122.432299,37.752607,California,Active,04/16/2026 12:00:00 AM,,,1900,94114,B,,,,0
50 Jerrold Avenue,2,0,3,1251,San Francisco,San Francisco,7,04/12/2027 12:00:00 AM,0,,Barbecue Area,TRUE,709,0,,,699998,08/12/2026 12:00:00 AM,,0,0,SF426153974,08/12/2026 12:00:00 AM,699998,4591-C525,Residential,-122.369524,37.72776,California,Active,08/12/2026 12:00:00 AM,,,2016,94124,215,,,,0
2211 California Street,1,0,1,650,San Francisco,San Francisco,5,08/14/2027 12:00:00 AM,0,,,TRUE,746,0,,,699000,08/14/2026 12:00:00 AM,0.159,6915,0,SF426153744,08/14/2026 12:00:00 AM,699000,0652-047,Residential,-122.431007,37.788991,California,Active,08/14/2026 12:00:00 AM,Luxury,,1911,94115,206,,,,0
51 Innes Ct ,2,0,2,1190,San Francisco,San Francisco,6,,0,,"Garden/ Greenbelt/ Trails, Playground",TRUE,750,1,(415) 401-2085,,699000,08/13/2026 12:00:00 AM,0,0,0,EB41144930,,699000,4591-C360,Residential,-122.367734,37.727056,California,Active,08/13/2026 12:00:00 AM,Contemporary,,2017,94124,204,,,,1
5810 Mission Street,2,0,2,1022,San Francisco,San Francisco,,02/28/2027 12:00:00 AM,0,,,TRUE,744,0,(415) 428-5588,,699000,08/24/2026 12:00:00 AM,0.465,20261,0,SF426151699,08/24/2026 12:00:00 AM,699000,7143-044,Residential,-122.451519,37.709513,California,Active,08/24/2026 12:00:00 AM,,,1998,94112,207,,,,0
50 Lansing Street,1,1,1,684,San Francisco,San Francisco,3,03/31/2027 12:00:00 AM,0,,"Gym/ Exercise Facility, Barbecue Area, Roof Deck",TRUE,919,1,(415) 979-0551,,699000,08/16/2026 12:00:00 AM,0.461,20082,0,SF426149401,08/16/2026 12:00:00 AM,699000,3749-234,Residential,-122.394326,37.786146,California,Active,08/16/2026 12:00:00 AM,,City Lights,2006,94105,411,,,,0
300 3rd Street,1,0,1,807,San Francisco,San Francisco,62,12/18/2026 12:00:00 AM,0,,,TRUE,909,0,,,699000,06/18/2026 12:00:00 AM,1.124,48941,0,SF426139461,06/18/2026 12:00:00 AM,699000,3751-326,Residential,-122.39903,37.783208,California,Active,06/18/2026 12:00:00 AM,Contemporary,"Hills, City Lights",1990,94107,915,,,,0
855 Folsom Street,1,1,1,787,San Francisco,San Francisco,285,12/31/2026 12:00:00 AM,0,,,TRUE,905,1,(415) 341-8729,,699000,10/31/2025 12:00:00 AM,,0,0,SF425077920,10/31/2025 12:00:00 AM,777000,2537-5225801,Residential,-122.402093,37.781015,California,Active,10/31/2025 12:00:00 AM,Flat/Low Pitch,,2001,94107,335,,,,0
964 Potrero Avenue,1,0,1,0,San Francisco,San Francisco,13,10/15/2026 12:00:00 AM,0,,,TRUE,175,1,,,698000,08/06/2026 12:00:00 AM,0.057,2500,0,SF426152179,08/06/2026 12:00:00 AM,698000,4142-045,Residential,-122.406988,37.756779,California,Active,08/06/2026 12:00:00 AM,,,1906,94110,,,,,0
5800 3rd Street,2,0,2,1080,San Francisco,San Francisco,40,07/07/2027 12:00:00 AM,0,,"Club House, Barbecue Area, Dog Park",TRUE,622,0,,,698000,07/10/2026 12:00:00 AM,2.952,128582,0,SF426144657,07/10/2026 12:00:00 AM,698000,5431-B069,Residential,-122.394737,37.725425,California,Active,07/10/2026 12:00:00 AM,"Contemporary, Modern/High Tech, Flat/Low Pitch","Bay, Hills, Mountains, City Lights",2010,94124,1412,,,,0
701 Minna Street,1,1,1,1173,San Francisco,San Francisco,6,09/11/2026 12:00:00 AM,1,,Roof Deck,TRUE,740,0,,,695000,08/13/2026 12:00:00 AM,0.222,9654,0,SF426153765,08/13/2026 12:00:00 AM,695000,3728-122,Residential,-122.412658,37.776882,California,Active,08/13/2026 12:00:00 AM,,,1999,94103,6,,,,0
10 Innes Court,2,0,2,1020,San Francisco,San Francisco,48,12/31/2026 12:00:00 AM,0,,,TRUE,737,0,,,695000,07/02/2026 12:00:00 AM,0.319,13880,0,SF426142603,07/02/2026 12:00:00 AM,695000,4591-C659,Residential,-122.367997,37.728068,California,Active,07/02/2026 12:00:00 AM,"Contemporary, Luxury",,2018,94124,304,,,,0
301 Mission Street,1,0,1,833,San Francisco,San Francisco,177,12/31/2026 12:00:00 AM,0,,,TRUE,2115,0,(415) 874-4701,,695000,02/23/2026 12:00:00 AM,1.163,50667,0,SF426103475,02/23/2026 12:00:00 AM,725000,3719-059,Residential,-122.395932,37.790488,California,Active,02/23/2026 12:00:00 AM,Luxury,,2009,94105,7C,,,,0
545 Leavenworth Street,2,0,1,888,San Francisco,San Francisco,12,12/31/2026 12:00:00 AM,1,,"Other, Security Gate(s)",TRUE,750,1,(415) 642-1121,,690000,08/07/2026 12:00:00 AM,0.086,3746,0,SF426152737,08/07/2026 12:00:00 AM,690000,0319-033,Residential,-122.414964,37.786124,California,Active,08/07/2026 12:00:00 AM,,,2001,94109,6,,,,0
400 Beale Street,1,0,1,675,San Francisco,San Francisco,41,10/31/2026 12:00:00 AM,0,,"Gym/ Exercise Facility, Barbecue Area, Pool, Roof Deck, Sauna/ Spa/ Hot Tub",TRUE,1221,0,,,690000,07/09/2026 12:00:00 AM,0.633,27581,0,SF426144940,07/09/2026 12:00:00 AM,690000,3766-197,Residential,-122.390997,37.787072,California,Active,07/09/2026 12:00:00 AM,"Luxury, Modern/High Tech","San Francisco, City Lights",2002,94105,1702,,,,0
1 Bristol Ct. ,1,0,0,728,San Francisco,San Francisco,103,,0,,"Garden/ Greenbelt/ Trails, Other",TRUE,1784,1,(415) 687-3205,,688888,05/08/2026 12:00:00 AM,0,0,0,BE41134069,,698888,,Residential,-122.365285,37.811408,California,Active,07/29/2026 12:00:00 AM,,,2023,94130,302,,,,
1545 Pine Street,1,0,1,0,San Francisco,San Francisco,5,12/15/2026 12:00:00 AM,0,,"Barbecue Area, Roof Deck, Security Gate(s)",TRUE,1049,0,(415) 777-5200,,688000,08/14/2026 12:00:00 AM,0.334,14553,0,SF426153947,08/14/2026 12:00:00 AM,688000,0667-103,Residential,-122.421193,37.789303,California,Active,08/14/2026 12:00:00 AM,"Contemporary, Luxury","City, City Lights",2017,94109,607,,,,0
720 York St ,1,0,1,618,San Francisco,San Francisco,77,,0,,Garden/ Greenbelt/ Trails,TRUE,616,1,(800) 400-2284,,679900,06/03/2026 12:00:00 AM,0,0,0,EB41136940,,710900,4080-038,Residential,-122.409163,37.75958,California,Active,08/13/2026 12:00:00 AM,Contemporary,"Hills, City Lights",1999,94110,212,,,,2
2811 Market St ,1,0,0,601,San Francisco,San Francisco,70,,0,,Other,TRUE,500,1,(415) 000-0000,,675000,06/10/2026 12:00:00 AM,0.01,356,0,BE41135384,,695000,2651-030,Residential,-122.439578,37.761176,California,Active,07/24/2026 12:00:00 AM,,City Lights,1922,94114,,,,,1
5810 Mission Street,2,0,2,995,San Francisco,San Francisco,207,09/30/2026 12:00:00 AM,0,,,TRUE,744,0,,,675000,01/23/2026 12:00:00 AM,0.465,20261,0,SF426097731,01/23/2026 12:00:00 AM,695000,7143-059,Residential,-122.451519,37.709513,California,Active,01/23/2026 12:00:00 AM,Traditional,,1998,95762,404,,,,0
855 La Playa Street,1,0,1,742,San Francisco,San Francisco,104,09/20/2026 12:00:00 AM,1,,"Other, Barbecue Area, Security Gate(s)",TRUE,1195,1,(415) 401-2000,,674000,05/07/2026 12:00:00 AM,0.842,36683,0,SF426106555,05/07/2026 12:00:00 AM,699000,1692-100,Residential,-122.510391,37.772189,California,Active,05/07/2026 12:00:00 AM,Contemporary,"City, Garden/Greenbelt",1982,94121,456,,,,4
1 Daniel Burnham Court,1,0,1,716,San Francisco,San Francisco,44,12/11/2026 12:00:00 AM,0,,"Gym/ Exercise Facility, Pool, Roof Deck, Sauna, , Sauna/ Spa/ Hot Tub",TRUE,1306,1,(415) 771-9910,,668000,07/06/2026 12:00:00 AM,1.06,46157,0,SF426144409,07/06/2026 12:00:00 AM,668000,0690-180,Residential,-122.421906,37.786783,California,Active,07/06/2026 12:00:00 AM,Modern/High Tech,"City, San Francisco, City Lights, Downtown",1988,94109,816,,,,16
960 Market Street,1,0,1,559,San Francisco,San Francisco,40,07/15/2027 12:00:00 AM,0,,"Club House, Gym/ Exercise Facility, Barbecue Area, Recreation Room, Roof Deck, Dog Park",TRUE,788,0,,,659000,07/10/2026 12:00:00 AM,,0,0,SF426145875,07/10/2026 12:00:00 AM,659000,AB03-42D,Residential,-122.410004,37.783111,California,Active,07/10/2026 12:00:00 AM,"Luxury, Modern/High Tech","City, City Lights",0,94102,1023,,,,12
960 Market Street,1,0,1,613,San Francisco,San Francisco,70,06/09/2027 12:00:00 AM,0,,"Club House, Gym/ Exercise Facility, Barbecue Area, Recreation Room, Roof Deck, Dog Park",TRUE,857,0,,,659000,06/10/2026 12:00:00 AM,,0,0,SF426138369,06/10/2026 12:00:00 AM,659000,AB03-42D,Residential,-122.410004,37.783111,California,Active,06/10/2026 12:00:00 AM,"Luxury, Modern/High Tech","City, City Lights",0,94102,601,,,,12
1145 Pine Street,1,0,1,604,San Francisco,San Francisco,27,07/23/2027 12:00:00 AM,0,,Security Gate(s),TRUE,784,0,,,650000,07/23/2026 12:00:00 AM,0.119,5170,0,SF426145667,07/23/2026 12:00:00 AM,650000,0276-139,Residential,-122.414751,37.790105,California,Active,07/23/2026 12:00:00 AM,,"San Francisco, Downtown",1912,94109,46,,,,1
821 Folsom Street,1,0,1,652,San Francisco,San Francisco,,12/31/2026 12:00:00 AM,0,,"Garden/ Greenbelt/ Trails, Roof Deck",TRUE,639,0,,,649000,09/30/2026 12:00:00 AM,0.663,28875,0,SF426155693,09/30/2026 12:00:00 AM,649000,3752-406,Residential,-122.4014,37.781409,California,Active,09/30/2026 12:00:00 AM,,"San Francisco, Downtown",2004,94107,201,,,,0
1441 Jones Street,1,0,1,938,San Francisco,San Francisco,223,01/08/2027 12:00:00 AM,0,,Roof Deck,TRUE,976,0,,,640000,01/08/2026 12:00:00 AM,0.159,6924,0,SF426094389,01/08/2026 12:00:00 AM,640000,0188-045,Residential,-122.415094,37.794579,California,Active,01/08/2026 12:00:00 AM,Edwardian,"Bay, Golden Gate Bridge, Bridge(s), City, Bay Bridge, San Francisco",1916,94109,301,,,,0
5320 Diamond Heights Boulevard,1,0,1,682,San Francisco,San Francisco,,06/01/2027 12:00:00 AM,1,,,TRUE,711,1,,,628888,09/01/2026 12:00:00 AM,0.944,41114,0,SF426136176,09/01/2026 12:00:00 AM,628888,7534-058,Residential,-122.437264,37.743034,California,Active,09/01/2026 12:00:00 AM,,,1975,94131,207K,,,,3
301 Mission Street,1,0,1,751,San Francisco,San Francisco,,03/31/2027 12:00:00 AM,0,,"Club House, Gym/ Exercise Facility, Playground, Pool, Roof Deck, Sauna, Sauna/ Spa/ Hot Tub",TRUE,2075,0,,,625000,08/31/2026 12:00:00 AM,1.163,50667,0,SF426151226,08/31/2026 12:00:00 AM,625000,3719-102,Residential,-122.396153,37.790382,California,Active,08/31/2026 12:00:00 AM,"Luxury, Modern/High Tech","San Francisco, Downtown",2009,94105,12D,,,,0
1 Daniel Burnham Court,1,0,1,716,San Francisco,San Francisco,30,09/30/2026 12:00:00 AM,0,,"Gym/ Exercise Facility, Pool, Roof Deck, Sauna, Sauna/ Spa/ Hot Tub",TRUE,1306,1,,,619000,07/20/2026 12:00:00 AM,1.06,46157,0,SF426147901,07/20/2026 12:00:00 AM,619000,0690-075,Residential,-122.421906,37.786783,California,Active,07/20/2026 12:00:00 AM,"Contemporary, Modern/High Tech","City, City Lights",1988,94109,315,,,,0
570 Innes Avenue,2,0,2,957,San Francisco,San Francisco,90,08/31/2026 12:00:00 AM,0,,,TRUE,691,0,(415) 401-2085,,599999,05/21/2026 12:00:00 AM,0.454,19792,0,SF426132276,05/21/2026 12:00:00 AM,668800,4591-C416,Residential,-122.36914,37.728507,California,Active,05/21/2026 12:00:00 AM,Contemporary,,2016,94124,302,,,,0
988 Harrison Street,1,0,1,0,San Francisco,San Francisco,28,07/22/2027 12:00:00 AM,0,,"Barbecue Area, Roof Deck",TRUE,560,0,,,599000,07/22/2026 12:00:00 AM,,0,0,SF426149000,07/22/2026 12:00:00 AM,599000,3753-148,Residential,-122.404119,37.777586,California,Active,07/22/2026 12:00:00 AM,"Contemporary, Modern/High Tech","City, San Francisco, Downtown",2025,94107,WB5,,,,0
719 Larkin Street,1,0,1,676,San Francisco,San Francisco,94,09/27/2026 12:00:00 AM,0,,"Barbecue Area, Roof Deck",TRUE,745,0,(415) 237-8018,,599000,05/17/2026 12:00:00 AM,0.14,6108,0,SF426131240,05/17/2026 12:00:00 AM,668000,0717-039,Residential,-122.418088,37.784526,California,Active,05/17/2026 12:00:00 AM,Modern/High Tech,,2019,94109,404,,,,0
246 2nd Street,1,0,1,668,San Francisco,San Francisco,96,09/14/2026 12:00:00 AM,0,,,TRUE,641,0,(415) 777-5200,,599000,05/15/2026 12:00:00 AM,0.297,12933,0,SF426131283,05/15/2026 12:00:00 AM,549000,3735-092,Residential,-122.397457,37.785818,California,Active,05/15/2026 12:00:00 AM,Modern/High Tech,City,2000,94105,801,,,,0
140 South Van Ness Avenue,1,0,1,795,San Francisco,San Francisco,191,12/01/2026 12:00:00 AM,0,,"Garden/ Greenbelt/ Trails, Gym/ Exercise Facility, Barbecue Area",TRUE,747,0,,,595000,02/09/2026 12:00:00 AM,0.991,43147,0,SF426093689,02/09/2026 12:00:00 AM,595000,3514-062,Residential,-122.418559,37.771627,California,Active,02/09/2026 12:00:00 AM,Contemporary,,2002,94103,309,,,,0
988 Harrison Street,1,0,1,0,San Francisco,San Francisco,14,08/05/2027 12:00:00 AM,0,,"Barbecue Area, Roof Deck",TRUE,560,0,,,589000,08/05/2026 12:00:00 AM,,0,0,SF426152414,08/05/2026 12:00:00 AM,589000,3753-148A,Residential,-122.404119,37.777586,California,Active,08/05/2026 12:00:00 AM,"Contemporary, Modern/High Tech","City, San Francisco, Downtown",2025,94107,WA4,,,,0
161 Gilbert Street,1,0,1,760,San Francisco,San Francisco,41,02/09/2027 12:00:00 AM,,,,TRUE,952,1,(866) 473-2573,,575000,07/09/2026 12:00:00 AM,0.203,8820,0,CROC26150001,,575000,3784123,Residential,-122.401807,37.773081,California,Active,07/09/2026 12:00:00 AM,,City Lights,1995,94103,16,,,,2
52 Kirkwood Avenue,1,0,1,743,San Francisco,San Francisco,153,11/30/2026 12:00:00 AM,0,,"Gym/ Exercise Facility, Other, Barbecue Area, Recreation Room, Trail(s)",TRUE,801,0,(415) 401-2085,,574800,03/19/2026 12:00:00 AM,,0,0,SF426113170,03/19/2026 12:00:00 AM,574800,4591-C692,Residential,-122.370111,37.727124,California,Active,03/19/2026 12:00:00 AM,Contemporary,,2023,94124,219,,,,4
988 Harrison Street,1,0,1,0,San Francisco,San Francisco,42,07/08/2027 12:00:00 AM,0,,"Barbecue Area, Roof Deck",TRUE,552,0,,,569000,07/08/2026 12:00:00 AM,,0,0,SF426144948,07/08/2026 12:00:00 AM,569000,3753-148A,Residential,-122.404119,37.777586,California,Active,07/08/2026 12:00:00 AM,"Contemporary, Modern/High Tech","City, San Francisco, Downtown",2025,94107,CJ7,,,,0
870 Harrison Street,1,0,1,585,San Francisco,San Francisco,,06/30/2027 12:00:00 AM,0,,"Barbecue Area, Roof Deck",TRUE,890,0,,,560000,09/07/2026 12:00:00 AM,0.134,5843,0,SF426146830,09/07/2026 12:00:00 AM,560000,3752-597,Residential,-122.401223,37.779712,California,Active,09/07/2026 12:00:00 AM,Luxury,,2015,94107,206,,,,0
1020 Noe Street,1,0,1,640,San Francisco,San Francisco,125,12/31/2026 12:00:00 AM,0,,,FALSE,,0,,,550000,04/16/2026 12:00:00 AM,0.057,2483,0,SF426115543,04/16/2026 12:00:00 AM,540000,3655-051,Residential,-122.432299,37.752607,California,Active,04/16/2026 12:00:00 AM,,,1900,94114,,,,,0
301 Crescent Court,2,0,2,1156,San Francisco,San Francisco,481,03/17/2027 12:00:00 AM,0,,"Garden/ Greenbelt/ Trails, Gym/ Exercise Facility",TRUE,885,0,,,549999,04/25/2025 12:00:00 AM,2.627,114415,0,SF425030958,04/25/2025 12:00:00 AM,589000,4991-506,Residential,-122.388595,37.711115,California,Active,04/25/2025 12:00:00 AM,,,2007,94134,3214,,,,0
52 Kirkwood Avenue,1,0,1,743,San Francisco,San Francisco,77,12/31/2026 12:00:00 AM,0,,"Gym/ Exercise Facility, Other, Barbecue Area, Recreation Room, Trail(s)",TRUE,801,0,(415) 401-2085,,549800,06/03/2026 12:00:00 AM,,0,0,SF426135547,06/03/2026 12:00:00 AM,572800,4591-C746,Residential,-122.370111,37.727124,California,Active,06/03/2026 12:00:00 AM,Contemporary,,2023,94124,421,,,,4
900 Bush Street,1,0,1,632,San Francisco,San Francisco,6,07/08/2027 12:00:00 AM,0,,"Gym/ Exercise Facility, Pool",TRUE,1316,1,(415) 440-9903,,549000,08/13/2026 12:00:00 AM,0.868,37816,0,SF426145545,08/13/2026 12:00:00 AM,549000,0275-B045,Residential,-122.412659,37.789887,California,Active,08/13/2026 12:00:00 AM,,,1982,94109,409,,,,0
900 Bush Street,1,0,1,612,San Francisco,San Francisco,33,06/30/2027 12:00:00 AM,0,,"Garden/ Greenbelt/ Trails, Gym/ Exercise Facility, Pool",TRUE,1329,1,(415) 440-9904,,549000,07/17/2026 12:00:00 AM,0.868,37816,0,SF426145181,07/17/2026 12:00:00 AM,575000,0275-B098,Residential,-122.412659,37.789887,California,Active,07/17/2026 12:00:00 AM,Luxury,,1982,94109,501,,,,0
988 Harrison Street,1,0,1,0,San Francisco,San Francisco,42,07/08/2027 12:00:00 AM,0,,"Barbecue Area, Roof Deck",TRUE,560,0,,,549000,07/08/2026 12:00:00 AM,,0,0,SF426144953,07/08/2026 12:00:00 AM,549000,3753-148A,Residential,-122.404119,37.777586,California,Active,07/08/2026 12:00:00 AM,"Contemporary, Modern/High Tech","San Francisco, Downtown",2025,94107,CK5,,,,0
280 Spear Street,1,0,1,519,San Francisco,San Francisco,189,01/07/2027 12:00:00 AM,0,,"Gym/ Exercise Facility, Barbecue Area, Roof Deck",TRUE,773,0,,,541896,02/11/2026 12:00:00 AM,1.26,54884,0,SF426100034,02/11/2026 12:00:00 AM,541896,3740-123,Residential,-122.391683,37.790006,California,Active,02/11/2026 12:00:00 AM,Contemporary,,2020,94105,4P,,,,0
52 Kirkwood Avenue,1,0,1,717,San Francisco,San Francisco,19,12/31/2026 12:00:00 AM,0,,"Gym/ Exercise Facility, Other, Barbecue Area, Recreation Room, Trail(s)",TRUE,801,0,(415) 401-2085,,539800,07/31/2026 12:00:00 AM,,0,0,SF426151224,07/31/2026 12:00:00 AM,539800,4591-C720,Residential,-122.370111,37.727124,California,Active,07/31/2026 12:00:00 AM,Contemporary,,2023,94124,321,,,,4
1740 Bancroft Avenue,2,1,4,1520,San Francisco,San Francisco,12,01/02/2027 12:00:00 AM,0,,"Gym/ Exercise Facility, Playground, Security Gate(s)",TRUE,728,0,,,534457,08/07/2026 12:00:00 AM,2.303,100298,0,SF426153002,08/07/2026 12:00:00 AM,534457,5421-031,Residential,-122.394756,37.726958,California,Active,08/07/2026 12:00:00 AM,,City,2009,94124,251,,,,0
960 Market Street,1,0,0,512,San Francisco,San Francisco,1,08/19/2027 12:00:00 AM,0,,"Club House, Gym/ Exercise Facility, Barbecue Area, Recreation Room, Roof Deck, Dog Park,",TRUE,788,0,,,533000,08/18/2026 12:00:00 AM,,0,0,SF426155548,08/18/2026 12:00:00 AM,533000,AB03-42,Residential,-122.410004,37.783111,California,Active,08/18/2026 12:00:00 AM,"Luxury, Modern/High Tech","City, City Lights",0,94102,921,,,,12
888 7th Street,1,0,2,770,San Francisco,San Francisco,83,03/04/2027 12:00:00 AM,0,,,TRUE,682,0,,,529114,05/28/2026 12:00:00 AM,2.187,95280,0,SF426134757,05/28/2026 12:00:00 AM,529114,3800-144,Residential,-122.401242,37.770391,California,Active,05/28/2026 12:00:00 AM,,,2007,94107,355,,,,0
370 Bartlett Street,1,0,1,845,San Francisco,San Francisco,530,03/06/2027 12:00:00 AM,,,,TRUE,100,0,,,525000,03/07/2025 12:00:00 AM,,,0,ML81997066,03/07/2025 5:36:39 PM,599000,6515-008,Residential,-122.419761,37.751132,California,Active,03/07/2025 5:36:39 PM,Contemporary,City Lights,1960,94110,3,Omar Chavez,,,2
8400 Oceanview Terrace,1,0,1,667,San Francisco,San Francisco,5,02/15/2027 12:00:00 AM,0,,,TRUE,873,0,(800) 428-5588,,519000,08/14/2026 12:00:00 AM,7.475,325629,0,SF426154672,08/14/2026 12:00:00 AM,519000,7126-A187,Residential,-122.468304,37.709757,California,Active,08/14/2026 12:00:00 AM,,,2002,94132,412,,,,0
50 Lansing Street,2,0,2,1065,San Francisco,San Francisco,129,12/31/2026 12:00:00 AM,0,,"Gym/ Exercise Facility, Barbecue Area, Roof Deck",TRUE,1050,0,,,519000,04/12/2026 12:00:00 AM,0.461,20082,0,SF426120858,04/12/2026 12:00:00 AM,425000,3749-200,Residential,-122.394326,37.786146,California,Active,04/12/2026 12:00:00 AM,Contemporary,,2006,94105,203,,,,0
960 Market Street,1,0,0,528,San Francisco,San Francisco,1,08/19/2027 12:00:00 AM,0,,"Club House, Gym/ Exercise Facility, Barbecue Area, Recreation Room, Roof Deck, Dog Park,",TRUE,788,0,,,515000,08/18/2026 12:00:00 AM,,0,0,SF426155550,08/18/2026 12:00:00 AM,515000,AB03-42A,Residential,-122.410004,37.783111,California,Active,08/18/2026 12:00:00 AM,"Luxury, Modern/High Tech","City, City Lights",0,94102,619,,,,12
99 Rausch Street,1,0,1,615,San Francisco,San Francisco,130,09/30/2026 12:00:00 AM,0,,"Gym/ Exercise Facility, Barbecue Area, Roof Deck",TRUE,750,0,,,510000,04/11/2026 12:00:00 AM,0.753,32800,0,SF426120029,04/11/2026 12:00:00 AM,520000,3730-302,Residential,-122.409296,37.776479,California,Active,04/11/2026 12:00:00 AM,Contemporary,,2017,94103,108,,,,0
95 Red Rock Way,1,0,0,592,San Francisco,San Francisco,75,12/31/2026 12:00:00 AM,1,,"Club House, Garden/ Greenbelt/ Trails, Gym/ Exercise Facility, Pool, Recreation Room, Sauna, Sauna/ Spa/ Hot Tub, Trail(s)",TRUE,778,1,(415) 824-3535,,505000,06/05/2026 12:00:00 AM,0.157,6833,0,SF426137049,06/05/2026 12:00:00 AM,550000,7517-375,Residential,-122.441575,37.746318,California,Active,06/05/2026 12:00:00 AM,Contemporary,"Bay, Mountains, Ridge, San Francisco, Garden/Greenbelt",1972,94131,303M,,,,0
1 Daniel Burnham Court,1,0,0,562,San Francisco,San Francisco,27,12/31/2026 12:00:00 AM,,,,TRUE,1058,1,,,499999,07/23/2026 12:00:00 AM,,,0,ML82042814,07/23/2026 12:00:00 AM,499999,0690-071,Residential,-122.422491,37.786755,California,Active,04/13/2026 10:28:18 PM,,,1988,94109,307,Billot-Bartolome 2025 Trust,,,16
550 Innes Avenue,1,0,1,0,San Francisco,San Francisco,674,12/31/2026 12:00:00 AM,0,,Roof Deck,TRUE,551,1,(925) 310-5626,,499900,12/16/2024 12:00:00 AM,0.125,5449,0,SF424084517,12/16/2024 12:00:00 AM,450000,4591-C428,Residential,-122.36869,37.728259,California,Active,12/16/2024 12:00:00 AM,Modern/High Tech,"Bay, Water",2016,94142,101,,,,0
8300 Oceanview Terrace,1,0,1,669,San Francisco,San Francisco,124,09/30/2026 12:00:00 AM,0,,,TRUE,873,1,(650) 757-9675,,499898,04/17/2026 12:00:00 AM,7.475,325629,0,SF426121922,04/17/2026 12:00:00 AM,515000,7126-A095,Residential,-122.467958,37.710073,California,Active,04/17/2026 12:00:00 AM,,,2002,94132,101,,,,0
400 Beale Street,2,0,2,1143,San Francisco,San Francisco,28,12/31/2026 12:00:00 AM,0,,"Gym/ Exercise Facility, Barbecue Area, Pool, Roof Deck, Sauna/ Spa/ Hot Tub",TRUE,1392,0,,,499888,07/22/2026 12:00:00 AM,0.633,27581,0,SF426148001,07/22/2026 12:00:00 AM,499888,3766-034,Residential,-122.390997,37.787072,California,Active,07/22/2026 12:00:00 AM,,,2001,94105,407,,,,0
461 2nd Street,1,0,1,487,San Francisco,San Francisco,12,02/05/2027 12:00:00 AM,0,,,TRUE,819,0,,,499000,08/07/2026 12:00:00 AM,1.289,56166,0,SF426152917,08/07/2026 12:00:00 AM,499000,3764-136,Residential,-122.3939,37.783594,California,Active,08/07/2026 12:00:00 AM,,,1907,94107,253T,,,,0
52 Innes Court,1,0,1,740,San Francisco,San Francisco,180,12/31/2026 12:00:00 AM,0,,,TRUE,679,0,,,499000,02/20/2026 12:00:00 AM,0.454,19792,0,SF426102506,02/20/2026 12:00:00 AM,499000,4591-C581,Residential,-122.367429,37.727622,California,Active,02/20/2026 12:00:00 AM,Luxury,,2017,94124,305,,,,4
1433 Bush Street,1,0,0,383,San Francisco,San Francisco,155,12/31/2026 12:00:00 AM,,,,TRUE,726,0,,,498800,08/14/2026 12:00:00 AM,0.156,6802,0,ML82057699,03/13/2026 8:29:57 AM,498800,0670-084,Residential,-122.420838,37.788345,California,Active,08/14/2026 8:42:12 AM,,,2019,94109,405,0,,,1
395 6th Street,2,0,2,0,San Francisco,San Francisco,75,06/05/2027 12:00:00 AM,0,,"Barbecue Area, Roof Deck",TRUE,684,0,,,498022,06/05/2026 12:00:00 AM,,0,0,SF426137596,06/05/2026 12:00:00 AM,498022,3753-148,Residential,-122.40412,37.777528,California,Active,06/05/2026 12:00:00 AM,"Contemporary, Modern/High Tech",,2025,94107,BM5,,,,0
550 Van Ness Avenue,1,0,1,796,San Francisco,San Francisco,5,02/15/2027 12:00:00 AM,0,,,TRUE,651,0,(415) 431-7655,,498000,08/14/2026 12:00:00 AM,0.301,13130,0,SF426154697,08/14/2026 12:00:00 AM,498000,3570-066,Residential,-122.41794,37.764336,California,Active,08/14/2026 12:00:00 AM,,,1991,94110,208,,,,0
451 Donahue Street,1,0,1,700,San Francisco,San Francisco,41,10/08/2026 12:00:00 AM,,,"Gym/ Exercise Facility, Roof Deck",TRUE,677,1,,,498000,07/09/2026 12:00:00 AM,,,0,ML82053759,07/09/2026 5:28:00 PM,498000,4591-331,Residential,-122.369641,37.729067,California,Active,07/09/2026 5:28:00 PM,,,2016,94124,407,Tommy Nguyen,,,
1400 Mission Street,2,0,3,1415,San Francisco,San Francisco,107,01/05/2027 12:00:00 AM,0,,"Garden/ Greenbelt/ Trails, Roof Deck",TRUE,926,0,(415) 777-5200,,497730,05/04/2026 12:00:00 AM,,0,0,SF426123094,05/04/2026 12:00:00 AM,497730,3507-A077,Residential,-122.416473,37.775369,California,Active,05/04/2026 12:00:00 AM,Modern/High Tech,"City, City Lights",2015,94103,701,,,,0
601 Van Ness ,1,0,1,556,San Francisco,San Francisco,14,11/30/2026 12:00:00 AM,,,"Gym/ Exercise Facility, Other,",TRUE,1159,0,(415) 474-0317,,485000,08/05/2026 12:00:00 AM,2.429,105806,0,CRWS26170622,,485000,762256,Residential,-122.420831,37.781512,California,Active,08/04/2026 12:00:00 AM,,City Lights,1982,94102,711,,,,1
200 Brannan St ,2,0,3,2013,San Francisco,San Francisco,100,,0,,"Gym/ Exercise Facility, Other",TRUE,1244,1,(415) 541-9900,,475381,05/11/2026 12:00:00 AM,0,0,0,CC41134279,,475381,3774-267,Residential,-122.390316,37.783618,California,Active,05/18/2026 12:00:00 AM,Contemporary,,2004,94107,126,,,,2
88 Hoff Street,1,1,1,985,San Francisco,San Francisco,394,12/31/2026 12:00:00 AM,1,,"Roof Deck, Car Wash Area",TRUE,744,0,(510) 896-2687,,472935,07/21/2025 12:00:00 AM,0.246,10702,0,SF425056602,07/21/2025 12:00:00 AM,584516,3569-093,Residential,-122.420702,37.76392,California,Active,07/21/2025 12:00:00 AM,Contemporary,City,2000,94110,101,,,,0
395 6th Street,2,0,2,765,San Francisco,San Francisco,35,07/15/2027 12:00:00 AM,0,,"Barbecue Area, Roof Deck",TRUE,583,0,,,470707,07/15/2026 12:00:00 AM,,0,0,SF426147440,07/15/2026 12:00:00 AM,470707,3753-148,Residential,-122.40412,37.777528,California,Active,07/15/2026 12:00:00 AM,"Contemporary, Modern/High Tech","City, San Francisco, Downtown",2025,94107,BM1,,,,0
601 Van Ness Avenue,1,0,1,668,San Francisco,San Francisco,76,09/13/2026 12:00:00 AM,0,,"Gym/ Exercise Facility, Racquetball, Sauna, Sauna/ Spa/ Hot Tub, Game Court - Indoor",TRUE,1285,0,,,470000,05/11/2026 12:00:00 AM,2.429,105806,0,SF426127144,05/11/2026 12:00:00 AM,399000,0762-110,Residential,-122.420896,37.781491,California,Active,05/11/2026 12:00:00 AM,,Other,1982,94102,110,,,,9
395 6th Street,2,0,2,805,San Francisco,San Francisco,152,03/20/2027 12:00:00 AM,0,,"Barbecue Area, Roof Deck",TRUE,589,0,,,469094,03/20/2026 12:00:00 AM,,0,0,SF426114434,03/20/2026 12:00:00 AM,469094,3753-148,Residential,-122.40412,37.777528,California,Active,03/20/2026 12:00:00 AM,"Contemporary, Modern/High Tech","City, San Francisco, Twin Peaks, Downtown",0,94107,413,,,,0
10 Innes Ct ,1,0,1,736,San Francisco,San Francisco,38,,0,,"Garden/ Greenbelt/ Trails, Gym/ Exercise Facility, Playground, Roof Deck",TRUE,679,1,(415) 401-2085,,464900,07/13/2026 12:00:00 AM,0,0,0,EB41141536,,479900,4591-C662,Residential,-122.367997,37.728068,California,Active,08/15/2026 12:00:00 AM,Contemporary,,2018,94124,307,,,,1
888 7th Street,1,0,1,545,San Francisco,San Francisco,505,01/12/2027 12:00:00 AM,0,,,TRUE,532,0,(833) 446-2674,,460894,04/01/2025 12:00:00 AM,2.187,95280,0,SF425025217,04/01/2025 12:00:00 AM,460894,3800-096,Residential,-122.400405,37.770553,California,Active,04/01/2025 12:00:00 AM,Contemporary,,2007,94107,231,,,,0
30 Mason Street,1,0,1,728,San Francisco,San Francisco,138,09/06/2026 12:00:00 AM,,,,TRUE,804,0,,,459000,04/03/2026 12:00:00 AM,,,0,ML82039692,04/03/2026 12:00:00 AM,499000,0341-032,Residential,-122.408819,37.783745,California,Active,03/20/2026 6:06:38 PM,,,2007,94102,502,,,,6
395 6th Street,1,0,1,539,San Francisco,San Francisco,75,06/05/2027 12:00:00 AM,0,,"Barbecue Area, Roof Deck",TRUE,647,0,,,452139,06/05/2026 12:00:00 AM,,0,0,SF426137326,06/05/2026 12:00:00 AM,452139,3753-148,Residential,-122.40412,37.777528,California,Active,06/05/2026 12:00:00 AM,"Contemporary, Modern/High Tech",,2025,94107,BM3,,,,0
888 7th Street,1,0,1,549,San Francisco,San Francisco,494,12/31/2026 12:00:00 AM,0,,"Club House, Garden/ Greenbelt/ Trails",TRUE,550,0,(925) 658-5517,,450762,04/11/2025 12:00:00 AM,,0,0,SF425029420,04/11/2025 12:00:00 AM,450762,3800-148,Residential,-122.400405,37.770553,California,Active,04/11/2025 12:00:00 AM,Modern/High Tech,,2007,94107,330,,,,0
135 Red Rock Way,1,0,0,592,San Francisco,San Francisco,,01/31/2027 12:00:00 AM,1,,"Club House, Garden/ Greenbelt/ Trails, Gym/ Exercise Facility, Pool, Recreation Room, Sauna, Sauna/ Spa/ Hot Tub, Trail(s)",TRUE,779,1,(415) 824-3535,,450000,09/01/2026 12:00:00 AM,0.16,6959,0,SF426148029,09/01/2026 12:00:00 AM,450000,7517-327,Residential,-122.442007,37.746205,California,Active,09/01/2026 12:00:00 AM,"Contemporary, Other","Hills, Mountains, Garden/Greenbelt",1972,94131,203L,,,,3
4343 3rd Street,1,0,1,603,San Francisco,San Francisco,40,01/01/2027 12:00:00 AM,0,,,TRUE,516,1,(415) 431-7855,,450000,07/10/2026 12:00:00 AM,0.226,9845,0,SF426143899,07/10/2026 12:00:00 AM,499000,5278-030,Residential,-122.389276,37.738097,California,Active,07/10/2026 12:00:00 AM,Contemporary,,2007,94124,202,,,,0
95 Red Rock Way,1,0,0,592,San Francisco,San Francisco,147,08/31/2026 12:00:00 AM,,,,TRUE,778,0,(415) 824-3535,,450000,03/25/2026 12:00:00 AM,,,0,ML82034671,03/25/2026 12:00:00 AM,480000,7517-363,Residential,-122.44152,37.746326,California,Active,02/11/2026 3:12:06 PM,,,1972,94131,203M,Peter Lee,,,1
888 7th Street,1,0,1,535,San Francisco,San Francisco,685,12/01/2026 12:00:00 AM,0,,"Club House, Garden/ Greenbelt/ Trails",TRUE,452,0,,,449577,10/03/2024 12:00:00 AM,2.187,95280,0,SF424070431,10/03/2024 12:00:00 AM,449577,3800-101,Residential,-122.400405,37.770553,California,Active,10/03/2024 12:00:00 AM,Contemporary,,2007,94107,234,,,,0
395 6th Street,2,0,2,819,San Francisco,San Francisco,75,06/05/2027 12:00:00 AM,0,,"Barbecue Area, Roof Deck",TRUE,589,0,,,449000,06/05/2026 12:00:00 AM,,0,0,SF426137351,06/05/2026 12:00:00 AM,449000,3753-148,Residential,-122.40412,37.777528,California,Active,06/05/2026 12:00:00 AM,"Contemporary, Modern/High Tech",,2025,94107,305,,,,0
888 7th Street,1,0,1,535,San Francisco,San Francisco,393,09/20/2026 12:00:00 AM,0,,,TRUE,537,1,(925) 658-5517,,438608,07/22/2025 12:00:00 AM,2.187,95280,0,SF425059300,07/22/2025 12:00:00 AM,467608,3800-050,Residential,-122.400405,37.770553,California,Active,07/22/2025 12:00:00 AM,Contemporary,Garden/Greenbelt,2007,94107,134,,,,0
99 Rausch Street,1,0,1,601,San Francisco,San Francisco,133,12/31/2026 12:00:00 AM,0,,,TRUE,820,0,,,436500,04/08/2026 12:00:00 AM,0.753,32800,0,SF426119137,04/08/2026 12:00:00 AM,468300,3730-381,Residential,-122.409296,37.776479,California,Active,04/08/2026 12:00:00 AM,,,2017,94103,421,,,,0
1310 Fillmore Street,1,0,1,740,San Francisco,San Francisco,49,04/27/2027 12:00:00 AM,0,,"Barbecue Area, Roof Deck, Dog Park, Security Gate(s), Dog Run",TRUE,986,1,(800) 400-2284,,435397,07/01/2026 12:00:00 AM,1.215,52938,0,SF426137662,07/01/2026 12:00:00 AM,435397,0732-074,Residential,-122.432037,37.782066,California,Active,07/01/2026 12:00:00 AM,Flat/Low Pitch,,2007,94115,610,,,,13
175 Red Rock WAY ,1,0,0,474,San Francisco,San Francisco,14,,0,,"Club House, Garden/ Greenbelt/ Trails, Gym/ Exercise Facility, Pool, Sauna",TRUE,778,1,(415) 824-3535,,435000,08/05/2026 12:00:00 AM,0,0,0,EB41143950,,435000,7517-285,Residential,-122.442069,37.745807,California,Active,08/12/2026 12:00:00 AM,,"Partial, Water",1972,94131,APT 209K,,,,
6 Mint Plaza,1,0,1,713,San Francisco,San Francisco,84,12/31/2026 12:00:00 AM,0,,"Gym/ Exercise Facility, Barbecue Area, Roof Deck, Dog Park",TRUE,1093,0,,,434539,05/27/2026 12:00:00 AM,0.132,5738,0,SF426134351,05/27/2026 12:00:00 AM,432895,3704-147,Residential,-122.407866,37.783027,California,Active,05/27/2026 12:00:00 AM,Luxury,,1900,94103,203A,,,,0
1177 California Street,1,0,0,437,San Francisco,San Francisco,26,10/31/2026 12:00:00 AM,0,,"Pool, Sauna, Security Gate(s), Sauna/ Spa/ Hot Tub",TRUE,1476,1,,,430000,07/24/2026 12:00:00 AM,0.727,31662,0,SF426147518,07/24/2026 12:00:00 AM,430000,0253-A148,Residential,-122.41362,37.791326,California,Active,07/24/2026 12:00:00 AM,Luxury,"City, San Francisco, City Lights",1978,94108,711,,,,0
601 Van Ness Avenue,1,0,0,489,San Francisco,San Francisco,26,10/05/2026 12:00:00 AM,0,,"Gym/ Exercise Facility, Pool, Racquetball, Sauna, , Sauna/ Spa/ Hot Tub",TRUE,1150,0,(415) 474-0317,,429000,07/24/2026 12:00:00 AM,2.429,105806,0,SF426146463,07/24/2026 12:00:00 AM,429000,0762-253,Residential,-122.420831,37.781512,California,Active,07/24/2026 12:00:00 AM,Contemporary,"City, Twin Peaks, City Lights, Downtown",1982,94102,708,,,,0
285 Main Street,1,0,1,567,San Francisco,San Francisco,206,12/31/2026 12:00:00 AM,0,,"Club House, Gym/ Exercise Facility, Barbecue Area, Roof Deck, Dog Park",TRUE,773,0,,,420091,01/25/2026 12:00:00 AM,1.26,54884,0,SF426098776,01/25/2026 12:00:00 AM,420091,3740-137,Residential,-122.39197,37.789673,California,Active,01/25/2026 12:00:00 AM,,,2020,94105,409,,,,0
50 Jerrold Avenue,1,0,1,611,San Francisco,San Francisco,160,10/30/2026 12:00:00 AM,0,,Barbecue Area,TRUE,650,1,,,419000,03/12/2026 12:00:00 AM,0.563,24525,0,SF426110940,03/12/2026 12:00:00 AM,449000,4591-C529,Residential,-122.369511,37.727757,California,Active,03/12/2026 12:00:00 AM,Modern/High Tech,"Bay, City, Water",2016,94124,306,,,,0
2 Mint Plaza,1,0,1,671,San Francisco,San Francisco,371,12/31/2026 12:00:00 AM,0,,"Gym/ Exercise Facility, Barbecue Area, Roof Deck, Dog Park",TRUE,946,0,,,414940,08/13/2025 12:00:00 AM,0.179,7776,0,SF425065334,08/13/2025 12:00:00 AM,414940,3704-126,Residential,-122.407688,37.783159,California,Active,08/13/2025 12:00:00 AM,Contemporary,,1926,94103,207,,,,0
395 6th Street,1,0,1,621,San Francisco,San Francisco,35,07/15/2027 12:00:00 AM,0,,"Barbecue Area, Roof Deck",TRUE,560,0,,,408490,07/15/2026 12:00:00 AM,,0,0,SF426147435,07/15/2026 12:00:00 AM,408490,3753-148,Residential,-122.40412,37.777528,California,Active,07/15/2026 12:00:00 AM,"Contemporary, Modern/High Tech","City, San Francisco, Twin Peaks",2025,94107,BE1,,,,0
370 Monterey Boulevard,1,0,1,807,San Francisco,San Francisco,195,09/02/2027 12:00:00 AM,0,,,TRUE,745,1,(928) 897-6377,,407000,02/05/2026 12:00:00 AM,0.429,18700,0,SF426098629,02/05/2026 12:00:00 AM,427287,3091-094,Residential,-122.443411,37.731798,California,Active,02/05/2026 12:00:00 AM,,City,1978,94131,313,,,,0
355 1st Street,1,0,1,659,San Francisco,San Francisco,50,04/06/2028 12:00:00 AM,0,,"Park, Barbecue Area, Pool, Recreation Room, Roof Deck, Sauna/ Spa/ Hot Tub",TRUE,1126,0,,,404645,06/30/2026 12:00:00 AM,0.886,38571,0,SF426138287,06/30/2026 12:00:00 AM,424877,3748-192,Residential,-122.393465,37.786887,California,Active,06/30/2026 12:00:00 AM,,,2004,94105,S310,,,,0
400 Beale Street,1,0,1,828,San Francisco,San Francisco,157,12/31/2026 12:00:00 AM,0,,"Gym/ Exercise Facility, Barbecue Area, Roof Deck",TRUE,1277,0,,,399500,03/15/2026 12:00:00 AM,0.633,27581,0,SF426112220,03/15/2026 12:00:00 AM,425000,3766-046,Residential,-122.390997,37.787072,California,Active,03/15/2026 12:00:00 AM,Contemporary,,2002,94105,505,,,,0
395 6th Street,1,0,1,620,San Francisco,San Francisco,7,08/12/2027 12:00:00 AM,0,,"Barbecue Area, Roof Deck",TRUE,560,0,,,399000,08/12/2026 12:00:00 AM,,0,0,SF426155436,08/12/2026 12:00:00 AM,399000,3753-148A,Residential,-122.40412,37.777528,California,Active,08/12/2026 12:00:00 AM,"Contemporary, Modern/High Tech",,2025,94107,BE8,,,,0
1400 Mission Street,1,0,1,643,San Francisco,San Francisco,14,03/01/2027 12:00:00 AM,0,,Roof Deck,TRUE,599,0,,,399000,08/05/2026 12:00:00 AM,0.564,24546,0,SF426151833,08/05/2026 12:00:00 AM,399000,3507-A113,Residential,-122.416376,37.775345,California,Active,08/05/2026 12:00:00 AM,Contemporary,,2015,94103,907,,,,0
301 Crescent Court,1,0,1,804,San Francisco,San Francisco,90,12/31/2026 12:00:00 AM,0,,"Gym/ Exercise Facility, Barbecue Area",TRUE,741,0,,,399000,05/21/2026 12:00:00 AM,2.626,114388,0,SF426132945,05/21/2026 12:00:00 AM,399000,4991-475,Residential,-122.388595,37.711115,California,Active,05/21/2026 12:00:00 AM,Contemporary,,2007,94134,3101,,,,0
395 6th Street,1,0,1,539,San Francisco,San Francisco,35,07/15/2027 12:00:00 AM,0,,"Barbecue Area, Roof Deck",TRUE,552,0,,,397159,07/15/2026 12:00:00 AM,,0,0,SF426147421,07/15/2026 12:00:00 AM,397159,3753-148,Residential,-122.40412,37.777528,California,Active,07/15/2026 12:00:00 AM,"Contemporary, Modern/High Tech","City, San Francisco, Twin Peaks",2025,94107,BE3,,,,0
1235 Mcallister Street,1,0,1,666,San Francisco,San Francisco,28,12/18/2026 12:00:00 AM,0,,,TRUE,597,0,(925) 824-2888,,393695,07/22/2026 12:00:00 AM,0.947,41262,0,SF426146685,07/22/2026 12:00:00 AM,393695,0779-114,Residential,-122.432667,37.778299,California,Active,07/22/2026 12:00:00 AM,Contemporary,,2000,94115,223,,,,0
1160 Mission Street,1,0,1,664,San Francisco,San Francisco,54,12/31/2026 12:00:00 AM,0,,"Club House, Gym/ Exercise Facility, Barbecue Area, Roof Deck, Sauna/ Spa/ Hot Tub",TRUE,1023,0,,,393503,06/26/2026 12:00:00 AM,1,43557,0,SF426142521,06/26/2026 12:00:00 AM,393503,3702-147,Residential,-122.412221,37.778375,California,Active,06/26/2026 12:00:00 AM,Contemporary,City,2008,94103,1105,,,,0
1400 Mission Street,1,0,1,655,San Francisco,San Francisco,333,12/31/2026 12:00:00 AM,0,,"Garden/ Greenbelt/ Trails, Roof Deck",TRUE,569,0,(415) 777-5200,,388000,09/20/2025 12:00:00 AM,,0,0,SF425068028,09/20/2025 12:00:00 AM,407384,3507-A085,Residential,-122.416473,37.775369,California,Active,09/20/2025 12:00:00 AM,Modern/High Tech,"City, City Lights",2015,94103,709,,,,0
140 South Van Ness Avenue,1,0,0,630,San Francisco,San Francisco,118,04/22/2027 12:00:00 AM,0,,"Garden/ Greenbelt/ Trails, Gym/ Exercise Facility, Barbecue Area",TRUE,684,0,,,386204,04/23/2026 12:00:00 AM,0.991,43147,0,SF426123644,04/23/2026 12:00:00 AM,386204,3514-076,Residential,-122.418559,37.771627,California,Active,04/23/2026 12:00:00 AM,Contemporary,,2002,94103,341,,,,0
1400 Mission Street,1,0,1,655,San Francisco,San Francisco,405,03/08/2027 12:00:00 AM,0,,,TRUE,559,0,,,386000,07/09/2025 12:00:00 AM,0.564,24546,0,SF425056210,07/09/2025 12:00:00 AM,388000,3507-150,Residential,-122.416473,37.775369,California,Active,07/09/2025 12:00:00 AM,,,0,94103,1203,,,,0
285 Main Street,1,0,2,826,San Francisco,San Francisco,183,12/31/2026 12:00:00 AM,0,,"Club House, Gym/ Exercise Facility, Barbecue Area, Roof Deck, Dog Park",TRUE,925,0,,,385168,02/17/2026 12:00:00 AM,,0,0,SF426104537,02/17/2026 12:00:00 AM,385168,109,Residential,-122.39197,37.789673,California,Active,02/17/2026 12:00:00 AM,,,0,94105,312,,,,0
855 Folsom Street,1,0,2,838,San Francisco,San Francisco,206,12/31/2026 12:00:00 AM,0,,Other,TRUE,923,0,,,381000,01/25/2026 12:00:00 AM,1.278,55687,0,SF426093681,01/25/2026 12:00:00 AM,481000,3752-349,Residential,-122.40195,37.780896,California,Active,01/25/2026 12:00:00 AM,Contemporary,City,2001,94107,742,,,,0
100 Duboce Avenue,1,0,0,468,San Francisco,San Francisco,211,12/01/2026 12:00:00 AM,0,,Roof Deck,TRUE,720,0,,,370820,01/20/2026 12:00:00 AM,0.207,9014,0,SF425093001,01/20/2026 12:00:00 AM,370820,3502-164,Residential,-122.422559,37.769983,California,Active,01/20/2026 12:00:00 AM,Contemporary,,2022,94103,306,,,,0
83 McAllister Street,1,0,0,0,San Francisco,San Francisco,68,10/31/2026 12:00:00 AM,0,,"Club House, Gym/ Exercise Facility, Roof Deck",TRUE,621,0,(415) 401-2000,,359950,06/12/2026 12:00:00 AM,0.172,7498,0,SF426123297,06/12/2026 12:00:00 AM,359950,0351-104,Residential,-122.413234,37.780666,California,Active,06/12/2026 12:00:00 AM,,"City, San Francisco, Downtown",2007,94102,504,,,,0
1400 Mission Street,1,0,1,649,San Francisco,San Francisco,27,12/31/2026 12:00:00 AM,0,,Roof Deck,TRUE,597,0,,,355747,07/23/2026 12:00:00 AM,0.564,24546,0,SF426148007,07/23/2026 12:00:00 AM,355747,3507-A013,Residential,-122.416376,37.775345,California,Active,07/23/2026 12:00:00 AM,Contemporary,,2015,94103,212,,,,0
631 Ofarrell Street,1,0,0,480,San Francisco,San Francisco,19,01/02/2027 12:00:00 AM,0,,"Gym/ Exercise Facility, Roof Deck",TRUE,890,0,,,350000,07/31/2026 12:00:00 AM,0.423,18438,0,SF426150703,07/31/2026 12:00:00 AM,350000,0322-A070,Residential,-122.41518,37.785248,California,Active,07/31/2026 12:00:00 AM,,,1930,94109,715,,,,0
388 Fulton Street,1,0,0,326,San Francisco,San Francisco,782,02/24/2027 12:00:00 AM,0,,,TRUE,501,0,(415) 401-2000,,349617,05/10/2024 12:00:00 AM,0.287,12509,0,SF424031886,05/10/2024 12:00:00 AM,349617,0785-097,Residential,-122.423043,37.7789,California,Active,05/10/2024 12:00:00 AM,,,2016,94102,404,,,,0
395 6th Street,1,0,1,611,San Francisco,San Francisco,42,07/08/2027 12:00:00 AM,0,,"Barbecue Area, Roof Deck",TRUE,560,0,,,349000,07/08/2026 12:00:00 AM,,0,0,SF426145693,07/08/2026 12:00:00 AM,349000,3753-148,Residential,-122.40412,37.777528,California,Active,07/08/2026 12:00:00 AM,"Contemporary, Modern/High Tech",,2025,94107,BE9,,,,0
74 New Montgomery Street,1,0,1,672,San Francisco,San Francisco,106,05/05/2027 12:00:00 AM,0,,"Barbecue Area, Roof Deck",TRUE,1170,0,(415) 227-9472,,345950,05/05/2026 12:00:00 AM,0.41,17865,0,SF426122432,05/05/2026 12:00:00 AM,345950,3707-087,Residential,-122.401154,37.787617,California,Active,05/05/2026 12:00:00 AM,,,1914,94105,303,,,,0
285 Main Street,1,0,2,805,San Francisco,San Francisco,183,12/31/2026 12:00:00 AM,0,,"Club House, Gym/ Exercise Facility, Barbecue Area, Roof Deck, Dog Park",TRUE,925,0,,,330641,02/17/2026 12:00:00 AM,,0,0,SF426104524,02/17/2026 12:00:00 AM,330641,69,Residential,-122.39197,37.789673,California,Active,02/17/2026 12:00:00 AM,,,0,94105,202,,,,0
1 Federal Street,1,0,0,896,San Francisco,San Francisco,7,12/31/2026 12:00:00 AM,0,,"Garden/ Greenbelt/ Trails, Gym/ Exercise Facility",TRUE,969,0,,,327659,08/12/2026 12:00:00 AM,0.515,22441,0,SF426151490,08/12/2026 12:00:00 AM,327659,3774-211,Residential,-122.390806,37.784147,California,Active,08/12/2026 12:00:00 AM,Contemporary,,2003,94107,20,,,,0
631 Ofarrell Street,1,0,0,520,San Francisco,San Francisco,146,09/20/2026 12:00:00 AM,0,,,TRUE,797,0,,,325000,03/26/2026 12:00:00 AM,0.423,18438,0,SF426114862,03/26/2026 12:00:00 AM,349000,0322-A030,Residential,-122.41518,37.785248,California,Active,03/26/2026 12:00:00 AM,,,1930,94109,414,,,,0
555 Fulton Street,1,0,1,491,San Francisco,San Francisco,225,11/03/2026 12:00:00 AM,0,,,TRUE,703,0,,,321536,01/06/2026 12:00:00 AM,1.016,44250,0,SF426093503,01/06/2026 12:00:00 AM,321536,0794-072,Residential,-122.426109,37.778158,California,Active,01/06/2026 12:00:00 AM,,,2020,94102,209,,,,0
335 Berry Street,1,0,1,609,San Francisco,San Francisco,22,05/14/2027 12:00:00 AM,0,,Garden/ Greenbelt/ Trails,TRUE,840,0,,,307450,07/28/2026 12:00:00 AM,0.667,29040,0,SF426150210,07/28/2026 12:00:00 AM,307450,8707-163,Residential,-122.396242,37.773082,California,Active,07/28/2026 12:00:00 AM,,"River/Stream, Water",2009,94158,407,,,,0
574 Natoma Street,1,0,0,329,San Francisco,San Francisco,,11/21/2026 12:00:00 AM,0,,Roof Deck,TRUE,332,0,,,299000,11/01/2026 12:00:00 AM,0.042,1816,0,SF426145730,11/01/2026 12:00:00 AM,299000,3726-199,Residential,-122.409447,37.779007,California,Active,11/01/2026 12:00:00 AM,Contemporary,,2012,94103,401,,,,4
395 6th Street,1,0,0,385,San Francisco,San Francisco,42,07/08/2027 12:00:00 AM,0,,"Barbecue Area, Roof Deck",TRUE,528,0,,,299000,07/08/2026 12:00:00 AM,,0,0,SF426145681,07/08/2026 12:00:00 AM,299000,3753-148,Residential,-122.40412,37.777528,California,Active,07/08/2026 12:00:00 AM,"Contemporary, Modern/High Tech",,2025,94107,ST1,,,,0
8 Octavia Boulevard,1,0,0,385,San Francisco,San Francisco,211,12/01/2026 12:00:00 AM,0,,Roof Deck,TRUE,757,0,,,295000,01/20/2026 12:00:00 AM,0.286,12456,0,SF425092925,01/20/2026 12:00:00 AM,377440,0855-069,Residential,-122.424023,37.773892,California,Active,01/20/2026 12:00:00 AM,Contemporary,,2014,94102,407,,,,0
285 Main Street,1,0,1,591,San Francisco,San Francisco,183,12/31/2026 12:00:00 AM,0,,"Club House, Gym/ Exercise Facility, Barbecue Area, Roof Deck, Dog Park",TRUE,807,0,,,291719,02/17/2026 12:00:00 AM,,0,0,SF426104541,02/17/2026 12:00:00 AM,291719,161,Residential,-122.39197,37.789673,California,Active,02/17/2026 12:00:00 AM,,,0,94105,510,,,,0
400 Grove Street,1,0,0,427,San Francisco,San Francisco,62,03/19/2028 12:00:00 AM,0,,"Barbecue Area, Roof Deck",TRUE,1006,0,,,276705,06/18/2026 12:00:00 AM,0.259,11271,0,SF426136794,06/18/2026 12:00:00 AM,263829,0793-125,Residential,-122.423536,37.777985,California,Active,06/18/2026 12:00:00 AM,,,2015,94102,305,,,,0
1075 Market Street,1,0,0,445,San Francisco,San Francisco,1303,03/09/2027 12:00:00 AM,0,,"Barbecue Area, Roof Deck, Dog Park, Dog Run",TRUE,625,0,(415) 787-7874,,238888,01/04/2023 12:00:00 AM,0.282,12286,0,SF422711389,01/04/2023 12:00:00 AM,303265,3703-291,Residential,-122.411736,37.780815,California,Active,01/04/2023 12:00:00 AM,Modern/High Tech,"City, City Lights",2018,94103,503,,,,0
750 Van Ness Avenue,1,0,0,395,San Francisco,San Francisco,115,12/31/2026 12:00:00 AM,0,,"Barbecue Area, Roof Deck",TRUE,755,0,,,199000,04/26/2026 12:00:00 AM,0.358,15582,0,SF426125227,04/26/2026 12:00:00 AM,225000,0742-036,Residential,-122.420329,37.782439,California,Active,04/26/2026 12:00:00 AM,Contemporary,,2008,94102,204,,,,0
900 Point Street,2,0,2,,San Francisco,San Francisco,55,12/15/2026 12:00:00 AM,,,"Elevator(s), Other, Concierge",TRUE,,,,,40000,06/25/2026 12:00:00 AM,,,0,TM26852627,,55000,UNAVAILABLE,Residential,-122.423012,37.805832,,Active,,Other,"Bay, City, Ocean, Water",,94109,632,,,,4
